Company,Model,Location,Year,Kilometers_Driven,Power_bhp,Mileage_n,Fuel_Type,Transmission,Owner_Type,Seats,New_Price,Price,No_Year,Engine_CC
Honda,Jazz,Chennai,2011,46000,88.7,18.2,Petrol,Manual,First,5,8.61 Lakh,4.5,9,1199
Toyota,Innova,Mumbai,2016,36000,171.5,11.36,Diesel,Automatic,First,8,21 Lakh,17.5,4,2755
Maruti,Ciaz,Kochi,2018,25692,103.25,21.56,Petrol,Manual,First,5,10.65 Lakh,9.95,2,1462
Mitsubishi,Pajero,Delhi,2014,110000,175.56,13.5,Diesel,Manual,First,7,32.01 Lakh,15,6,2477
BMW,3 Series,Kochi,2014,32982,190,22.69,Diesel,Automatic,First,5,47.87 Lakh,18.55,6,1995
Honda,WRV,Kochi,2018,37430,88.7,17.5,Petrol,Manual,First,5,10.57 Lakh,9.9,2,1199
Volkswagen,Vento,Coimbatore,2014,55431,103.5,16.09,Petrol,Manual,Second,5,12.33 Lakh,6.98,6,1598
Maruti,Vitara,Kochi,2018,50075,88.5,24.3,Diesel,Manual,First,5,11.12 Lakh,8.63,2,1248
Hyundai,Elantra,Bangalore,2014,46374,149.92,14.62,Petrol,Automatic,First,5,23.64 Lakh,8.85,6,1999
Toyota,Innova,Bangalore,2012,70704,163.7,11.25,Petrol,Manual,First,7,18.64 Lakh,10.95,8,2694
Toyota,Innova,Mumbai,2017,22000,147.8,13.68,Diesel,Manual,First,8,19.34 Lakh,16.5,3,2393
Mercedes-Benz,C-Class,Coimbatore,2019,15369,194,0,Diesel,Automatic,First,5,49.14 Lakh,35.67,1,1950
Hyundai,Creta,Mumbai,2018,13000,88.7,22.1,Diesel,Manual,First,5,11.81 Lakh,10.5,2,1396
Nissan,Terrano,Kochi,2015,56066,108.5,19.64,Diesel,Manual,First,5,16.65 Lakh,6.92,5,1461
Tata,Zest,Pune,2017,70000,88.7,17.57,Petrol,Manual,First,5,6.67 Lakh,4.5,3,1193
Datsun,GO,Pune,2017,32851,67,19.83,Petrol,Manual,First,7,6.45 Lakh,3.95,3,1198
Toyota,Etios,Ahmedabad,2014,53000,78.9,17.71,Petrol,Manual,First,5,6.41 Lakh,3.9,6,1197
Toyota,Innova,Mumbai,2017,30000,171.5,11.36,Diesel,Automatic,First,7,27 Lakh,19.25,3,2755
Maruti,Eeco,Coimbatore,2017,38053,73,15.1,Petrol,Manual,First,5,5.13 Lakh,3.91,3,1196
BMW,3 Series,Mumbai,2015,56087,190,22.69,Diesel,Automatic,First,5,54.43 Lakh,20.75,5,1995
Nissan,Micra,Coimbatore,2016,39882,75.94,19.15,Petrol,Automatic,First,5,9.51 Lakh,6.55,4,1198
Maruti,Vitara,Mumbai,2016,55000,88.5,24.3,Diesel,Manual,First,5,9.96 Lakh,7.5,4,1248
Hyundai,Verna,Kolkata,2018,10250,126.2,22,Diesel,Manual,First,5,14.44 Lakh,10.95,2,1582
Maruti,Alto,Hyderabad,2014,88500,67.1,24.07,Petrol,Manual,First,5,4.53 Lakh,2.6,6,998
Mercedes-Benz,SLC,Kolkata,2017,13372,362.07,19,Petrol,Automatic,First,2,95.04 Lakh,54,3,2996
Hyundai,Verna,Kochi,2019,12645,121.3,17,Petrol,Automatic,First,5,13.49 Lakh,11.5,1,1591
Audi,RS5,Mumbai,2013,23000,444,11.05,Petrol,Automatic,First,4,1.28 Cr,37,7,2894
BMW,3 Series,Mumbai,2014,48000,190,21.76,Diesel,Automatic,First,5,60.88 Lakh,26.5,6,1995
Hyundai,Grand i10,Kolkata,2019,1000,81.86,18.9,Petrol,Manual,First,5,7.39 Lakh,6.5,1,1197
BMW,5 Series,Hyderabad,2014,51000,190,22.48,Diesel,Automatic,First,5,69.47 Lakh,33.5,6,1995
Maruti,Baleno,Kochi,2017,24773,83.1,21.4,Petrol,Manual,First,5,8.78 Lakh,7.5,3,1197
Maruti,Ertiga,Mumbai,2016,33000,88.5,25.47,Diesel,Manual,First,7,12.74 Lakh,8.5,4,1248
Mahindra,NuvoSport,Chennai,2017,29000,83.8,19.87,Diesel,Manual,Second,7,10.52 Lakh,6.5,3,1493
Maruti,Vitara,Mumbai,2016,20000,100,17.45,Diesel,Manual,First,5,11.98 Lakh,9,4,1248
Honda,Amaze,Kolkata,2013,45000,,16.1,Diesel,Manual,First,5,8.54 Lakh,3.25,7,1498
Skoda,Superb,Hyderabad,2017,26000,68.05,19.81,Petrol,Automatic,First,5,33.58 Lakh,26,3,1798
Mahindra,Verito,Hyderabad,2013,107000,98.6,25.8,Diesel,Manual,First,5,9.12 Lakh,3.7,7,1461
Maruti,Wagon R,Kolkata,2013,32000,65,21.03,Petrol,Manual,First,5,5.29 Lakh,2.65,7,998
Mini,Cooper,Kochi,2017,26327,108.5,19.01,Petrol,Automatic,First,4,44.28 Lakh,35.67,3,1998
Toyota,Innova,Kochi,2019,14165,74,22.9,Diesel,Automatic,First,7,20.74 Lakh,19.64,1,2755
Honda,City,Kolkata,2011,32572,171.5,11.36,Petrol,Manual,First,5,11.74 Lakh,3.87,9,1497
Toyota,Innova,Pune,2017,43000,68.05,19.81,Diesel,Manual,First,7,25.52 Lakh,18.65,3,2393
Hyundai,Verna,Hyderabad,2008,143275,82,18.9,Diesel,Manual,First,5,14.07 Lakh,2.6,12,1582
Mercedes-Benz,GLE,Coimbatore,2017,29819,,0,Diesel,Automatic,First,5,95.13 Lakh,61.29,3,2987
Tata,Zest,Pune,2017,121900,74,28.4,Diesel,Manual,First,5,8.34 Lakh,3.75,3,1248
Tata,Zest,Pune,2018,45000,103.6,20.54,Diesel,Manual,First,5,8.34 Lakh,5.25,2,1248
Honda,Jazz,Delhi,2015,62178,177,18.48,Petrol,Manual,First,5,8.85 Lakh,4.85,5,1199
Toyota,Innova,Chennai,2016,48000,170,19.27,Diesel,Manual,First,7,25.4 Lakh,20.25,4,2393
Honda,City,Mumbai,2017,15000,73.9,16.47,Petrol,Automatic,First,5,16.67 Lakh,12.69,3,1497
Mercedes-Benz,GLE,Hyderabad,2017,29000,,17.8,Diesel,Automatic,First,5,79.43 Lakh,57,3,2143
Honda,Brio,Kochi,2012,91931,103.6,20.54,Petrol,Manual,First,5,6.62 Lakh,3.13,8,1198
Audi,Q7,Coimbatore,2017,97430,174.33,17.68,Diesel,Automatic,First,7,1.04 Cr,62.67,3,2967
Maruti,Vitara,Chennai,2016,45000,125,11.3,Diesel,Manual,First,5,9.12 Lakh,7.15,4,1248
BMW,3 Series,Kochi,2015,30717,98.6,25.8,Diesel,Automatic,Second,5,58.67 Lakh,25.99,5,1995
Skoda,Octavia,Jaipur,2005,100000,126.32,22.32,Petrol,Automatic,First,5,28.37 Lakh,2.05,15,1984
Maruti,Alto,Pune,2017,30000,88.8,21.02,Petrol,Manual,First,5,4.48 Lakh,3.75,3,998
Jaguar,XF,Hyderabad,2017,21000,89.84,22.7,Diesel,Automatic,First,5,72.64 Lakh,52,3,1999
Skoda,Superb,Kochi,2019,13747,177,19.33,Petrol,Automatic,First,5,36.15 Lakh,27.3,1,1798
Mini,Clubman,Pune,2017,8350,67,17.8,Petrol,Manual,First,5,44.59 Lakh,35,3,1998
Maruti,Vitara,Hyderabad,2017,39000,179.5,11.07,Diesel,Manual,First,5,12 Lakh,9.49,3,1248
Honda,BRV,Kochi,2017,35676,170,15.8,Petrol,Automatic,First,7,14.65 Lakh,9.48,3,1497
Jaguar,XE,Mumbai,2017,9000,118,17,Petrol,Automatic,First,5,53.72 Lakh,34.5,3,1999
Mitsubishi,Pajero,Hyderabad,2018,12000,187.7,12.7,Diesel,Automatic,First,7,33.91 Lakh,28,2,2477
BMW,3 Series,Mumbai,2015,41000,170,14.84,Diesel,Automatic,First,5,60.88 Lakh,25.5,5,1995
Honda,BR-V,Pune,2017,9000,120,15.4,Petrol,Manual,First,7,12.51 Lakh,8.5,3,1497
Hyundai,i20,Jaipur,2017,40250,215,16,Petrol,Manual,First,5,9.74 Lakh,6.9,3,1197
Mercedes-Benz,GLC,Coimbatore,2018,22397,94,13.2,Petrol,Automatic,First,5,95.38 Lakh,70.99,2,2996
Audi,A6,Mumbai,2016,47000,100,13,Petrol,Automatic,First,5,60.59 Lakh,24.5,4,1798
Mini,Cooper,Mumbai,2014,11900,121.3,15.29,Petrol,Automatic,First,4,44.28 Lakh,28.5,6,1998
Mahindra,Bolero,Coimbatore,2016,82756,73,15.1,Diesel,Manual,First,7,11.28 Lakh,7.7,4,2523
Volkswagen,Vento,Mumbai,2017,15000,55.2,21.1,Petrol,Manual,Second,5,11.48 Lakh,7.1,3,1598
Maruti,S-Cross,Delhi,2018,12923,102,12.8,Diesel,Manual,First,5,11.26 Lakh,8.92,2,1248
Audi,Q3,Coimbatore,2016,86642,47,27.62,Diesel,Automatic,First,5,43.65 Lakh,20.37,4,1968
BMW,3 Series,Bangalore,2016,19235,88.5,25.1,Diesel,Automatic,First,5,62.07 Lakh,36.5,4,1995
Mercedes-Benz,E-Class,Kochi,2018,26405,169,12.55,Petrol,Automatic,First,5,86.97 Lakh,51.43,2,1950
Mercedes-Benz,GLS,Pune,2017,129000,126.32,22.32,Diesel,Automatic,First,7,1 Cr,56,3,2987
Maruti,Wagon R,Ahmedabad,2012,30000,245,11.7,Petrol,Manual,First,5,4.74 Lakh,3.3,8,998
Hyundai,Creta,Chennai,2016,69434,88.73,17.6,Petrol,Manual,First,5,14.84 Lakh,8,4,1591
Mercedes-Benz,New C-Class,Kochi,2019,13190,88.73,22.54,Petrol,Automatic,First,5,49.49 Lakh,38.99,1,1950
BMW,X1,Coimbatore,2017,31645,177,18.48,Diesel,Automatic,First,5,48.18 Lakh,29.4,3,1995
Maruti,Ertiga,Pune,2013,105000,140,15.1,Diesel,Manual,Second,7,12.34 Lakh,6.75,7,1248
Skoda,Rapid,Hyderabad,2017,31000,67.04,23.59,Diesel,Manual,First,5,15.38 Lakh,10.5,3,1498
Toyota,Innova,Ahmedabad,2016,100200,105,17,Diesel,Automatic,First,7,19.21 Lakh,17,4,2755
Jeep,Compass,Jaipur,2018,29000,187.7,16.36,Diesel,Manual,First,5,22.95 Lakh,19,2,1956
Mahindra,Bolero,Jaipur,2012,105000,85.8,18.6,Diesel,Manual,Second,7,11.15 Lakh,6,8,2523
Volkswagen,Polo,Coimbatore,2018,33558,174.33,17.68,Diesel,Manual,First,5,10.32 Lakh,8.12,2,1498
Toyota,Innova,Coimbatore,2019,40674,107.2,10.5,Diesel,Automatic,First,7,28.05 Lakh,24.82,1,2755
Mercedes-Benz,GLC,Mumbai,2018,10003,138.03,14.28,Diesel,Automatic,First,5,59.77 Lakh,48.5,2,2143
Volkswagen,Vento,Mumbai,2016,25000,35,19.7,Diesel,Automatic,First,5,15.86 Lakh,9.45,4,1498
Toyota,Innova,Hyderabad,2017,52000,63,13.6,Diesel,Manual,First,8,19.43 Lakh,17.5,3,2393
Maruti,Vitara,Pune,2016,21558,55.2,21.1,Diesel,Manual,First,5,10.65 Lakh,8.9,4,1248
Mini,Cooper,Mumbai,2016,11000,85,15.9,Diesel,Automatic,First,5,42.12 Lakh,29.5,4,1496
Tata,Safari,Jaipur,2017,37000,174.33,15.73,Diesel,Manual,First,7,16.95 Lakh,11.25,3,2179
Honda,BR-V,Kochi,2017,32249,80,17,Diesel,Manual,First,7,15.45 Lakh,10.79,3,1498
Maruti,Ignis,Mumbai,2017,7000,138.03,19.33,Petrol,Manual,First,5,7.87 Lakh,5.7,3,1197
Maruti,Alto,Bangalore,2011,64357,78,16.4,Petrol,Manual,First,5,4.7 Lakh,2.75,9,998
Honda,BRV,Mumbai,2017,18000,237.4,9.43,Petrol,Automatic,First,7,15.02 Lakh,9.25,3,1497
Maruti,Vitara,Coimbatore,2017,18108,241.4,12.07,Diesel,Manual,First,5,12.56 Lakh,11.31,3,1248
Nissan,Sunny,Kochi,2013,37199,117.3,17.4,Petrol,Automatic,First,5,11.33 Lakh,5.43,7,1498
Toyota,Innova,Bangalore,2017,64798,98.59,22.77,Diesel,Manual,First,7,26.45 Lakh,18.75,3,2393
Maruti,Dzire,Hyderabad,2017,13000,258,15.97,Petrol,Automatic,First,5,10.34 Lakh,8.5,3,1197
Hyundai,Grand i10,Kolkata,2017,14000,103.2,16.2,Diesel,Manual,First,5,7.46 Lakh,4.9,3,1186
Honda,City,Delhi,2014,55818,184,18.88,Petrol,Manual,Second,5,11.85 Lakh,5.7,6,1497
Maruti,Ertiga,Ahmedabad,2017,63939,74,25.2,Diesel,Manual,First,7,10.41 Lakh,7.75,3,1248
Maruti,Celerio,Delhi,2014,35214,,17.8,Petrol,Automatic,Second,5,5.57 Lakh,3.2,6,998
Mini,Cooper,Hyderabad,2014,60000,74,25.2,Diesel,Automatic,Second,5,42.48 Lakh,23.5,6,1496
Honda,City,Bangalore,2015,18955,113.98,20.7,Petrol,Automatic,First,5,16.04 Lakh,10.65,5,1497
Honda,Jazz,Kochi,2018,20024,204,15,Petrol,Manual,First,5,9.1 Lakh,8.46,2,1199
Ford,Figo,Kolkata,2015,72035,46.3,19.7,Diesel,Manual,First,5,7.65 Lakh,2.5,5,1498
Hyundai,Creta,Ahmedabad,2016,21000,68,17.8,Petrol,Manual,First,5,13.74 Lakh,10.9,4,1591
Maruti,Wagon R,Coimbatore,2015,72599,110.4,18.88,Petrol,Manual,First,5,5.72 Lakh,4.32,5,998
Mahindra,XUV500,Coimbatore,2019,19654,141,13.1,Diesel,Automatic,First,7,21.33 Lakh,17.63,1,2179
Mercedes-Benz,GLE,Mumbai,2016,21000,306,18.1,Diesel,Automatic,First,5,78.76 Lakh,56,4,2143
Honda,Amaze,Hyderabad,2018,12000,121.3,17.01,Diesel,Manual,First,5,10.34 Lakh,8.5,2,1498
Maruti,Alto,Pune,2014,49000,98.6,27.4,Petrol,Manual,First,5,4.29 Lakh,2.3,6,998
Volkswagen,Ameo,Mumbai,2017,51000,203,14.21,Diesel,Manual,First,5,10.04 Lakh,6.45,3,1498
Mahindra,Xylo,Chennai,2016,215000,103.6,17.21,Diesel,Manual,First,7,11.67 Lakh,7.5,4,2179
Toyota,Innova,Pune,2017,43200,88.8,20.77,Diesel,Manual,First,7,25.52 Lakh,18.6,3,2393
Hyundai,Xcent,Jaipur,2018,25302,60,17.3,Diesel,Manual,First,5,8.56 Lakh,5.9,2,1186
Toyota,Innova,Kochi,2018,41736,78.9,20.36,Diesel,Automatic,First,7,27 Lakh,19.92,2,2755
Renault,KWID,Jaipur,2017,63262,140,16.55,Petrol,Manual,First,5,4.78 Lakh,3.25,3,999
Maruti,Celerio,Pune,2017,7500,98.6,25.1,Petrol,Automatic,First,5,6.14 Lakh,5,3,998
Maruti,Dzire,Kolkata,2011,46687,67.04,23.1,Petrol,Manual,First,5,7.3 Lakh,2.7,9,1197
Datsun,redi-GO,Bangalore,2016,20487,93.7,13.2,Petrol,Manual,First,5,4.37 Lakh,2.66,4,799
Maruti,Eeco,Coimbatore,2012,56661,85.8,19.1,Petrol,Manual,First,7,4.98 Lakh,3.61,8,1196
Honda,City,Mumbai,2015,30000,,0,Petrol,Automatic,First,5,15.29 Lakh,8.65,5,1497
Jeep,Compass,Mumbai,2017,52000,58.2,26.2,Diesel,Manual,First,5,24.26 Lakh,20,3,1956
Land,Rover,Kochi,2018,31427,73.9,16.47,Diesel,Automatic,First,5,75.12 Lakh,59.72,2,1999
Maruti,Baleno,Kolkata,2016,29000,126.2,19.67,Diesel,Manual,First,5,9.53 Lakh,6.5,4,1248
Mitsubishi,Pajero,Bangalore,2013,132000,74,27.39,Diesel,Manual,First,7,34.6 Lakh,12.49,7,2477
Toyota,Innova,Coimbatore,2018,92056,85.8,18.5,Diesel,Manual,First,7,26.45 Lakh,18.39,2,2393
Honda,Jazz,Mumbai,2016,38000,74,23.4,Diesel,Manual,First,5,11.15 Lakh,6.21,4,1498
Mercedes-Benz,C-Class,Mumbai,2018,8682,82,19.1,Diesel,Automatic,First,5,52.26 Lakh,39.5,2,1950
BMW,5 Series,Mumbai,2012,61240,103.6,15,Diesel,Automatic,First,5,70.43 Lakh,17.5,8,1995
Renault,KWID,Hyderabad,2018,1900,74,26.59,Petrol,Manual,First,5,4.8 Lakh,4.45,2,799
Ford,Ecosport,Coimbatore,2019,23154,69.01,25,Diesel,Manual,First,5,12.12 Lakh,11.65,1,1498
Toyota,Innova,Chennai,2017,67489,34.2,16.8,Diesel,Manual,First,7,19.37 Lakh,16.5,3,2393
Volkswagen,Vento,Coimbatore,2014,56658,120,10.5,Diesel,Manual,First,5,12.14 Lakh,5.39,6,1498
Toyota,Fortuner,Kochi,2013,105072,62.1,16.2,Diesel,Manual,First,7,36.69 Lakh,13.28,7,2755
Jeep,Compass,Mumbai,2017,4000,215,10.8,Petrol,Automatic,First,5,23.68 Lakh,17.75,3,1368
Audi,A4,Hyderabad,2015,45000,152,10.1,Diesel,Automatic,First,5,55.61 Lakh,25,5,1968
Ford,EcoSport,Coimbatore,2018,18385,100.6,12.99,Petrol,Automatic,First,5,14.1 Lakh,12.41,2,1497
Maruti,S-Cross,Coimbatore,2016,74611,170,19.27,Diesel,Manual,First,5,13.26 Lakh,7.94,4,1248
Toyota,Innova,Bangalore,2016,108000,140,16,Diesel,Automatic,First,7,28.05 Lakh,20.5,4,2755
Maruti,Ertiga,Pune,2016,130000,,23.59,Diesel,Manual,First,7,11.27 Lakh,7,4,1248
Maruti,Vitara,Kochi,2019,34688,88.8,20.77,Diesel,Manual,First,5,11.2 Lakh,10.49,1,1248
Tata,Zest,Mumbai,2014,40000,197,10.91,Petrol,Manual,First,5,8.56 Lakh,3.95,6,1193
Maruti,Vitara,Kolkata,2017,35000,174.33,15.73,Diesel,Manual,First,5,9.46 Lakh,6.5,3,1248
Mahindra,XUV300,Chennai,2012,97000,67.1,24.07,Diesel,Manual,First,5,12.79 Lakh,7.25,8,1497
Hyundai,Verna,Kochi,2014,89614,335.2,11.33,Diesel,Manual,First,5,15.57 Lakh,6.01,6,1582
Tata,Hexa,Delhi,2017,55000,80,17,Diesel,Manual,First,7,19.86 Lakh,12,3,2179
Tata,Tiago,Coimbatore,2018,9565,218,17.09,Petrol,Manual,First,5,6.59 Lakh,5.88,2,1199
Mercedes-Benz,E-Class,Kochi,2018,20446,121.3,17.01,Petrol,Automatic,First,5,86.97 Lakh,51.35,2,1950
Mini,Cooper,Ahmedabad,2014,34000,191.34,12.6,Diesel,Automatic,First,5,42.12 Lakh,22,6,1496
Hyundai,Grand i10,Delhi,2017,8471,67.1,26.3,Petrol,Manual,First,5,6.54 Lakh,5,3,1197
Toyota,Innova,Hyderabad,2016,69000,103.6,15.04,Diesel,Automatic,First,7,26.56 Lakh,19.75,4,2755
Renault,Duster,Coimbatore,2017,30090,184,18.88,Diesel,Automatic,First,5,15.05 Lakh,11.44,3,1461
Mahindra,Bolero,Mumbai,2016,40448,75,18,Diesel,Manual,First,7,11.01 Lakh,3.5,4,2523
Maruti,Vitara,Coimbatore,2018,64456,,17.8,Diesel,Manual,First,5,11 Lakh,10.46,2,1248
Honda,Amaze,Kochi,2016,51672,140,15.1,Petrol,Manual,First,5,7.55 Lakh,5.68,4,1199
Hyundai,Grand i10,Hyderabad,2017,20000,,17,Petrol,Manual,First,5,7.82 Lakh,5.98,3,1197
Hyundai,Grand i10,Kochi,2018,50234,85,16.1,Petrol,Manual,First,5,6.32 Lakh,4.77,2,1197
Hyundai,Verna,Mumbai,2015,40600,66.1,19,Petrol,Automatic,First,5,15.14 Lakh,7.2,5,1591
Hyundai,Verna,Ahmedabad,2013,87000,120.7,14.8,Diesel,Automatic,First,5,15.72 Lakh,5.9,7,1582
Volvo,S60,Hyderabad,2015,51000,126.2,22,Diesel,Automatic,First,5,45.67 Lakh,25,5,1969
BMW,3 Series,Chennai,2012,65000,67.04,23.59,Diesel,Automatic,First,5,54.7 Lakh,14,8,1995
Toyota,Innova,Hyderabad,2017,24393,68.05,20,Diesel,Manual,First,7,22.87 Lakh,20.4,3,2393
Volkswagen,Polo,Hyderabad,2019,1000,265,13,Petrol,Manual,First,5,6.74 Lakh,5.68,1,999
Mitsubishi,Pajero,Mumbai,2013,59000,47.3,22.74,Diesel,Manual,First,7,33.09 Lakh,12.75,7,2477
Toyota,Corolla,Delhi,2017,21000,120,12.05,Petrol,Automatic,First,5,23.25 Lakh,18,3,1798
Toyota,Corolla,Ahmedabad,2012,52000,138.03,14.28,Diesel,Manual,First,5,19.27 Lakh,6.5,8,1364
Jaguar,XE,Delhi,2018,1000,88.8,21.9,Diesel,Automatic,First,5,52.77 Lakh,40,2,1999
Mahindra,Xylo,Chennai,2016,85000,167.62,19.27,Diesel,Manual,First,7,11.67 Lakh,6.15,4,2489
Maruti,Swift,Kochi,2017,34613,93.7,14.95,Diesel,Manual,First,5,7.92 Lakh,6.24,3,1248
Hyundai,Xcent,Bangalore,2014,54000,83.1,21.4,Petrol,Manual,First,5,7.85 Lakh,5.5,6,1197
Honda,City,Kochi,2018,22974,67.1,20.92,Petrol,Automatic,First,5,15.55 Lakh,11.97,2,1497
Toyota,Fortuner,Ahmedabad,2015,65012,174.33,17.11,Diesel,Manual,First,7,32.45 Lakh,18.9,5,2755
Maruti,Eeco,Hyderabad,2015,90413,117.3,18,Petrol,Manual,First,7,4.83 Lakh,2.95,5,1196
Maruti,Swift,Mumbai,2015,14000,177.6,14.7,Diesel,Manual,First,5,7.13 Lakh,5.25,5,1248
BMW,5 Series,Coimbatore,2012,44450,88.2,16.1,Diesel,Automatic,First,5,71.82 Lakh,24.68,8,1995
BMW,X1,Mumbai,2016,31000,102,12.8,Diesel,Automatic,First,5,50.97 Lakh,29.5,4,1995
Hyundai,Verna,Chennai,2008,121097,165,0,Diesel,Manual,Second,5,10.73 Lakh,1.9,12,1396
Fiat,Linea,Jaipur,2013,86000,74,25.2,Diesel,Manual,Second,5,9.5 Lakh,2.5,7,1248
BMW,3 Series,Kochi,2013,37613,118,17,Diesel,Automatic,First,5,52.46 Lakh,13.95,7,1995
Maruti,Ignis,Coimbatore,2019,16862,,15.5,Petrol,Manual,First,5,6.07 Lakh,6.06,1,1197
Maruti,Wagon R,Pune,2013,79494,89.84,22.7,CNG,Manual,First,5,5.54 Lakh,2.96,7,998
Audi,Q7,Mumbai,2016,20002,140,15.1,Diesel,Automatic,First,7,1.04 Cr,67,4,2967
Maruti,Alto,Kolkata,2018,2100,186,11.74,Petrol,Manual,First,5,4.33 Lakh,3.6,2,998
Hyundai,Grand i10,Coimbatore,2018,20667,58.16,26.6,Petrol,Automatic,First,5,8.63 Lakh,7.55,2,1197
Hyundai,Grand i10,Kochi,2019,18453,67.1,24.07,Petrol,Manual,First,5,6.68 Lakh,6.17,1,1197
Hyundai,Verna,Hyderabad,2008,96578,81.86,18.9,Diesel,Manual,First,5,14.07 Lakh,2.5,12,1582
Renault,Duster,Bangalore,2016,45000,118,16.8,Diesel,Automatic,First,5,15.05 Lakh,11.5,4,1461
Hyundai,Grand i10,Bangalore,2018,3000,187.74,22.48,Petrol,Automatic,First,5,7.98 Lakh,6.2,2,1197
Toyota,Innova,Kolkata,2016,66618,89.84,22.7,Diesel,Automatic,First,7,24.82 Lakh,15.49,4,2755
Tata,Zest,Mumbai,2016,43706,88.8,20.77,Petrol,Manual,First,5,7.63 Lakh,4,4,1193
Toyota,Innova,Kochi,2018,8899,136,17.9,Diesel,Manual,First,7,22.86 Lakh,19.92,2,2393
Ford,EcoSport,Pune,2018,17000,197.2,10.91,Petrol,Manual,First,5,11.06 Lakh,9.2,2,1497
Maruti,Alto,Hyderabad,2016,10000,68,20,Petrol,Manual,First,5,4.53 Lakh,3.5,4,998
Toyota,Corolla,Mumbai,2010,93000,121.3,17.01,Petrol,Manual,First,5,19.39 Lakh,4.5,10,1798
Hyundai,Elantra,Delhi,2017,9500,174.3,14.16,Petrol,Automatic,First,5,21.77 Lakh,16.35,3,1999
Hyundai,Creta,Chennai,2016,55000,171,11.5,Diesel,Automatic,First,5,18.35 Lakh,12.5,4,1582
Volkswagen,Ameo,Jaipur,2016,58095,105,15.5,Diesel,Manual,First,5,9.19 Lakh,5.8,4,1498
Tata,Zest,Kolkata,2015,7445,90,23,Petrol,Manual,First,5,8.09 Lakh,5,5,1193
Toyota,Corolla,Kochi,2018,28321,103.6,15.04,Petrol,Automatic,First,5,23.25 Lakh,17.49,2,1798
Land,Rover,Kochi,2019,26013,138.03,14.28,Diesel,Automatic,First,5,1.39 Cr,97.07,1,2993
Maruti,Dzire,Hyderabad,2017,28226,150,23.3,Diesel,Automatic,First,5,11.52 Lakh,9.15,3,1248
Ford,EcoSport,Chennai,2016,29200,88.7,18.7,Diesel,Manual,First,5,13.23 Lakh,7.7,4,1498
Tata,Zest,Coimbatore,2018,38310,100.6,12.99,Diesel,Manual,First,5,10.06 Lakh,6.69,2,1248
Skoda,Rapid,Kolkata,2017,31300,103.6,15.04,Diesel,Automatic,First,5,15.34 Lakh,10.5,3,1498
Toyota,Innova,Coimbatore,2019,11241,140,16,Diesel,Manual,First,8,24.01 Lakh,22.55,1,2393
Mahindra,Thar,Jaipur,2016,19000,117.3,17.4,Diesel,Manual,First,6,11.39 Lakh,9.25,4,2498
Ford,Aspire,Coimbatore,2017,30279,103.6,20.54,Diesel,Manual,First,5,9.79 Lakh,7.29,3,1498
Mini,Cooper,Mumbai,2016,20000,236,12.19,Diesel,Automatic,First,4,35 Lakh,23.5,4,1496
Mahindra,Verito,Pune,2015,90000,88.8,21.12,Diesel,Manual,Second,5,9.26 Lakh,3.1,5,1461
Volkswagen,Ameo,Coimbatore,2017,22389,74,23.4,Petrol,Manual,First,5,8.68 Lakh,7.23,3,1198
Land,Rover,Mumbai,2017,40000,85.8,18.6,Diesel,Automatic,First,7,66.39 Lakh,41.5,3,1999
Volkswagen,Tiguan,Jaipur,2017,50510,126.24,19.5,Diesel,Automatic,First,5,36.45 Lakh,24.9,3,1968
Audi,Q7,Kochi,2019,6773,177,15.06,Diesel,Automatic,First,7,91.38 Lakh,72.94,1,2967
Mahindra,Bolero,Jaipur,2013,63000,138.1,19.33,Diesel,Manual,First,7,11.15 Lakh,5.5,7,2523
BMW,X1,Kochi,2017,32838,66.7,16,Diesel,Automatic,First,5,50.97 Lakh,30.29,3,1995
Jaguar,XE,Hyderabad,2017,4000,98.6,24.2,Diesel,Automatic,First,5,53.41 Lakh,38,3,1999
Maruti,Wagon R,Delhi,2012,45631,157.75,13.7,Petrol,Manual,Second,5,4.59 Lakh,2.74,8,998
Hyundai,Grand i10,Delhi,2017,12248,102.57,13.24,Petrol,Manual,First,5,6.54 Lakh,4.9,3,1197
Maruti,Alto,Coimbatore,2011,48624,,19.5,Petrol,Manual,First,5,4.7 Lakh,3.22,9,998
BMW,5 Series,Kochi,2018,32586,73.9,22.07,Diesel,Automatic,First,5,67.87 Lakh,37.3,2,1995
Mercedes-Benz,GLE,Coimbatore,2018,40129,82,18.9,Diesel,Automatic,First,5,95.13 Lakh,70.8,2,2987
Hyundai,Grand i10,Kochi,2018,10393,121.3,15.74,Petrol,Manual,First,5,6.62 Lakh,6.03,2,1197
Honda,Amaze,Pune,2018,1700,120,12.05,Petrol,Automatic,First,5,9.44 Lakh,7.8,2,1199
Audi,Q3,Coimbatore,2016,58661,110,16.8,Diesel,Automatic,First,5,48.64 Lakh,28.03,4,1968
Mahindra,Xylo,Hyderabad,2015,169000,81.8,20.4,Diesel,Manual,First,7,11.69 Lakh,5,5,2489
Maruti,Ciaz,Mumbai,2017,5500,93.7,14.95,Petrol,Manual,First,5,11.11 Lakh,8.2,3,1462
Maruti,Wagon R,Ahmedabad,2010,21002,89.84,22.7,Petrol,Manual,First,5,4.74 Lakh,2.75,10,998
Maruti,Eeco,Coimbatore,2017,28371,73.9,22.07,Petrol,Manual,First,7,4.98 Lakh,4.74,3,1196
Renault,KWID,Delhi,2017,15000,67,20.51,Petrol,Manual,First,5,4.98 Lakh,4.25,3,999
Honda,WRV,Kochi,2018,15135,73.9,21.1,Petrol,Manual,First,5,10.57 Lakh,9.29,2,1199
Maruti,Wagon R,Coimbatore,2017,37832,86.7,18,Petrol,Automatic,First,5,6.33 Lakh,5.23,3,998
Hyundai,Grand i10,Coimbatore,2016,43041,121.3,17.1,Petrol,Manual,First,5,8.1 Lakh,6.01,4,1197
Hyundai,Grand i10,Kolkata,2017,31184,98.6,25.8,Petrol,Manual,First,5,6.4 Lakh,5,3,1197
Maruti,Dzire,Pune,2017,41747,181,16.07,Diesel,Automatic,First,5,11.26 Lakh,9,3,1248
Toyota,Etios,Coimbatore,2019,20877,89.84,22.7,Petrol,Manual,First,5,7.59 Lakh,7.27,1,1197
Maruti,Swift,Mumbai,2016,23555,90,13,Petrol,Manual,First,5,7 Lakh,5.1,4,1197
Volkswagen,Polo,Mumbai,2016,28000,74,22.9,Petrol,Automatic,First,5,11.26 Lakh,7.25,4,1197
Tata,Bolt,Hyderabad,2017,40000,78.9,18.16,Diesel,Manual,First,5,7.43 Lakh,5.25,3,1248
Hyundai,Elantra,Ahmedabad,2014,49000,68.05,20,Diesel,Automatic,First,5,22.43 Lakh,8.9,6,1582
Jeep,Compass,Mumbai,2017,7000,81.83,18.6,Diesel,Manual,First,5,24.02 Lakh,17.45,3,1956
Toyota,Corolla,Kochi,2012,83184,82,18.9,Petrol,Manual,First,5,21.69 Lakh,6.22,8,1798
Mercedes-Benz,GLE,Coimbatore,2017,33552,77,25.32,Diesel,Automatic,First,5,95.13 Lakh,64.87,3,2987
Mercedes-Benz,A Class,Mumbai,2016,17000,86.8,19.4,Petrol,Automatic,First,5,34.63 Lakh,17.25,4,1595
Hyundai,Grand i10,Kochi,2018,46493,84.8,19.3,Petrol,Manual,First,5,6.32 Lakh,5.53,2,1197
BMW,3 Series,Ahmedabad,2011,100000,112,23.8,Diesel,Automatic,Second,5,43.31 Lakh,10.9,9,1995
Maruti,Eeco,Mumbai,2014,34669,174.3,14.16,Petrol,Manual,First,7,4.71 Lakh,2.9,6,1196
Toyota,Innova,Kochi,2019,10601,103.52,15,Diesel,Automatic,First,7,20.74 Lakh,19.65,1,2755
Mercedes-Benz,GLS,Delhi,2018,6000,171.5,11.36,Diesel,Automatic,First,7,1.02 Cr,79,2,2987
Hyundai,Grand i10,Delhi,2018,9434,69,25,Petrol,Manual,First,5,6.71 Lakh,5.75,2,1197
Volkswagen,Ameo,Coimbatore,2018,35569,108.495,22,Petrol,Manual,First,5,8.68 Lakh,7.27,2,1198
Toyota,Fortuner,Ahmedabad,2017,15000,55.2,21.1,Diesel,Automatic,First,7,34.45 Lakh,30,3,2755
Maruti,Dzire,Delhi,2016,45376,34.2,16.8,Diesel,Manual,First,5,8.58 Lakh,5.75,4,1248
Ford,EcoSport,Kochi,2017,78526,98.6,27.3,Diesel,Manual,First,5,12.67 Lakh,8.09,3,1498
BMW,X1,Coimbatore,2015,42265,147.51,16.55,Diesel,Automatic,Second,5,48.18 Lakh,22.24,5,1995
Ford,EcoSport,Mumbai,2017,26000,258,14.69,Diesel,Manual,First,5,11.89 Lakh,8.99,3,1498
Maruti,Dzire,Jaipur,2017,24000,190,20.68,Diesel,Manual,First,5,10.48 Lakh,8.2,3,1248
Hyundai,Verna,Delhi,2013,57478,170,14.84,Petrol,Manual,Second,5,13.59 Lakh,5.25,7,1591
Maruti,Vitara,Hyderabad,2016,41372,126.2,19.67,Diesel,Manual,First,5,11.02 Lakh,9.3,4,1248
Mercedes-Benz,GLA,Pune,2017,35000,121.3,17,Diesel,Automatic,First,5,41.94 Lakh,23.5,3,2143
Maruti,Dzire,Mumbai,2012,74000,177.6,11.7,Diesel,Manual,Second,5,8.94 Lakh,4.25,8,1248
Jeep,Compass,Kochi,2018,28937,67.04,23.1,Diesel,Manual,First,5,21.38 Lakh,17.02,2,1956
Toyota,Corolla,Coimbatore,2013,63854,103.6,20.54,Diesel,Manual,First,5,19.27 Lakh,7.12,7,1364
Maruti,Vitara,Chennai,2018,3000,74,23.4,Diesel,Automatic,First,5,12.88 Lakh,11.25,2,1248
Hyundai,Xcent,Mumbai,2014,64241,73.75,28.4,Petrol,Manual,First,5,8.27 Lakh,3.67,6,1197
BMW,X1,Bangalore,2016,28143,88.5,24.3,Diesel,Automatic,First,5,48.18 Lakh,28.5,4,1995
Toyota,Innova,Hyderabad,2017,67000,75,15.7,Diesel,Manual,First,7,22.87 Lakh,16.5,3,2393
Hyundai,Grand i10,Kochi,2018,5354,147.51,16.55,Petrol,Automatic,First,5,7.37 Lakh,6.76,2,1197
Volkswagen,Polo,Chennai,2016,42000,68,13.8,Petrol,Manual,Second,5,7.33 Lakh,5.5,4,999
Maruti,Eeco,Coimbatore,2013,54885,187.7,16.36,Petrol,Manual,First,7,4.98 Lakh,3.75,7,1196
Toyota,Innova,Mumbai,2016,25121,120,12.05,Diesel,Manual,First,7,23.06 Lakh,17.11,4,2393
Mahindra,Bolero,Hyderabad,2012,75000,88.73,16.78,Diesel,Manual,First,7,10.32 Lakh,4.3,8,2523
Maruti,Ignis,Mumbai,2017,1000,104.68,15,Petrol,Manual,First,5,7.87 Lakh,6.36,3,1197
BMW,7 Series,Kochi,2015,29966,85.8,17.16,Diesel,Automatic,Second,5,1.4 Cr,43.6,5,2993
Maruti,Wagon R,Mumbai,2013,54000,46.3,19.7,CNG,Manual,First,5,5.58 Lakh,3.05,7,998
Jeep,Compass,Coimbatore,2018,33218,,0,Diesel,Manual,First,5,22.46 Lakh,19.05,2,1956
Mini,Cooper,Hyderabad,2017,2000,68.05,19.81,Diesel,Automatic,First,5,42.48 Lakh,34,3,1496
Tata,Zest,Chennai,2015,40000,100,18.49,Petrol,Manual,First,5,7.69 Lakh,4,5,1193
Ford,Aspire,Kolkata,2015,2800,67.1,20.92,Diesel,Manual,First,5,9.4 Lakh,8.41,5,1498
Hyundai,Grand i10,Coimbatore,2016,37429,79.4,18.6,Petrol,Manual,First,5,8.1 Lakh,5.89,4,1197
Honda,City,Delhi,2011,67031,99,26.1,Petrol,Manual,First,5,11.85 Lakh,4,9,1497
Maruti,Celerio,Mumbai,2016,47691,117.3,18,Petrol,Automatic,First,5,6.08 Lakh,3.94,4,998
Maruti,Dzire,Kolkata,2015,28193,152,10.1,Diesel,Manual,First,5,8.36 Lakh,5.25,5,1248
Mercedes-Benz,SLC,Coimbatore,2019,2526,81.86,18.9,Petrol,Automatic,First,2,1.06 Cr,83.96,1,2996
Mercedes-Benz,E-Class,Hyderabad,2013,85000,88.5,28.09,Diesel,Automatic,First,5,71.15 Lakh,21,7,1950
Hyundai,Grand i10,Ahmedabad,2015,20780,117.3,17.4,Petrol,Manual,First,5,6.82 Lakh,4.3,5,1197
Mercedes-Benz,GLE,Kochi,2017,25601,100,17.21,Diesel,Automatic,First,5,78.76 Lakh,56.73,3,2143
Ford,Freestyle,Mumbai,2007,1261,168.7,13,Petrol,Manual,First,5,8.12 Lakh,6,13,1194
Hyundai,Elite,Coimbatore,2017,59450,55.23,24.6,Petrol,Manual,First,5,9.78 Lakh,7.53,3,1197
Maruti,Baleno,Mumbai,2016,12573,83.1,21.4,Petrol,Manual,First,5,7.36 Lakh,5.8,4,1197
Toyota,Fortuner,Pune,2017,29000,83.1,21.4,Diesel,Automatic,First,7,38.11 Lakh,31,3,2755
Maruti,Ertiga,Delhi,2013,68000,241.4,12.07,Diesel,Manual,First,7,11.75 Lakh,4.85,7,1248
Maruti,Swift,Hyderabad,2013,84000,69.01,25,Diesel,Manual,First,5,8.44 Lakh,5.65,7,1248
Hyundai,Creta,Delhi,2016,24347,91.1,19.12,Petrol,Manual,First,5,16.06 Lakh,11,4,1591
Honda,City,Mumbai,2017,17000,140,16,Petrol,Automatic,First,5,15.29 Lakh,11.6,3,1497
Honda,Brio,Kochi,2014,41460,100.6,12.99,Petrol,Manual,First,5,6.63 Lakh,3.95,6,1198
Land,Rover,Mumbai,2017,35000,73.9,16.47,Diesel,Automatic,First,7,1.27 Cr,41.6,3,2993
Toyota,Fortuner,Bangalore,2015,150386,140,16,Diesel,Manual,First,7,39.6 Lakh,23,5,2755
Maruti,Vitara,Ahmedabad,2017,80000,98.6,25.8,Diesel,Manual,First,5,10.91 Lakh,8,3,1248
Hyundai,Tucson,Mumbai,2016,13000,47.3,22.74,Petrol,Automatic,First,5,25.75 Lakh,17.75,4,1999
Maruti,Wagon R,Kolkata,2016,16956,88.5,24.3,Petrol,Manual,First,5,5.29 Lakh,3.6,4,998
Maruti,Wagon R,Mumbai,2010,38000,204,13,Petrol,Manual,Second,5,5.61 Lakh,1.75,10,998
Honda,Brio,Mumbai,2017,20000,67.1,24.07,Petrol,Automatic,First,5,8.05 Lakh,5.99,3,1198
Toyota,Etios,Kochi,2016,36681,82.5,18.2,Diesel,Manual,First,5,8.82 Lakh,6.71,4,1364
Honda,City,Coimbatore,2018,20300,103.52,14.3,Petrol,Automatic,First,5,17.38 Lakh,14.21,2,1497
Maruti,Celerio,Kochi,2017,21799,73.9,16.47,Petrol,Manual,First,5,5.69 Lakh,5.11,3,998
Toyota,Innova,Hyderabad,2017,35358,67.1,18.2,Diesel,Automatic,First,7,26.56 Lakh,22.99,3,2755
Tata,Tiago,Jaipur,2016,42700,117.3,18,Petrol,Manual,First,5,5.61 Lakh,3.6,4,1199
Toyota,Fortuner,Hyderabad,2010,110000,103.6,15.04,Diesel,Manual,First,7,37.51 Lakh,13.7,10,2755
Maruti,Wagon R,Mumbai,2015,55000,73.94,23.2,Petrol,Manual,First,5,5.88 Lakh,3.1,5,1197
Honda,City,Hyderabad,2017,46000,85.8,19.1,Diesel,Manual,First,5,16.95 Lakh,12.9,3,1498
BMW,5 Series,Ahmedabad,2012,95000,126.2,19.67,Diesel,Automatic,Second,5,63.71 Lakh,17.5,8,1995
Ford,EcoSport,Delhi,2017,39000,,18.3,Diesel,Manual,First,5,11.47 Lakh,8.45,3,1498
Toyota,Fortuner,Mumbai,2010,140000,171,11.5,Diesel,Manual,First,7,37.46 Lakh,10.75,10,2755
Maruti,Swift,Kochi,2016,62192,184,11.18,Diesel,Manual,First,5,7.88 Lakh,5.22,4,1248
Maruti,Ciaz,Kochi,2018,38394,81.83,18.6,Petrol,Manual,First,5,11.37 Lakh,9.18,2,1462
Hyundai,Elantra,Delhi,2016,28000,147.51,16.55,Petrol,Automatic,First,5,21.77 Lakh,13.9,4,1999
Volkswagen,Vento,Mumbai,2011,47000,121.3,15.29,Diesel,Manual,First,5,11.3 Lakh,3.25,9,1498
Mercedes-Benz,E-Class,Coimbatore,2019,9312,80,19.2,Diesel,Automatic,First,5,92.5 Lakh,78.8,1,2987
Hyundai,Elantra,Coimbatore,2015,58239,117.3,17.8,Petrol,Automatic,First,5,23.64 Lakh,9.69,5,1999
Nissan,Terrano,Mumbai,2014,51000,103.2,15.04,Diesel,Manual,First,5,15.06 Lakh,5.65,6,1461
Toyota,Fortuner,Ahmedabad,2016,88008,37.48,23.9,Diesel,Automatic,Second,7,34.45 Lakh,22.5,4,2755
Mercedes-Benz,GLA,Mumbai,2018,10000,258,15.97,Diesel,Automatic,First,5,41.94 Lakh,28.9,2,2143
Mini,Cooper,Chennai,2012,17000,82,18.9,Petrol,Automatic,Second,4,44.28 Lakh,22,8,1998
Mini,Cooper,Mumbai,2013,21000,183,15.04,Petrol,Automatic,First,4,39.57 Lakh,21.5,7,1998
Maruti,Wagon R,Pune,2014,29202,126.32,22.32,CNG,Manual,First,5,5.54 Lakh,3.9,6,998
Skoda,Rapid,Mumbai,2017,32000,163.5,10.4,Petrol,Automatic,First,5,13.7 Lakh,8.11,3,1598
Maruti,Ertiga,Delhi,2017,65000,78.9,20.36,Diesel,Manual,First,7,11.16 Lakh,7.65,3,1248
Ford,EcoSport,Kolkata,2016,21460,88.5,24.3,Petrol,Manual,First,5,9.47 Lakh,6,4,1497
Honda,Jazz,Hyderabad,2015,33000,88.5,25.47,Petrol,Automatic,First,5,10.17 Lakh,7.25,5,1199
Maruti,Vitara,Jaipur,2017,48324,121.36,17,Diesel,Manual,First,5,11.47 Lakh,9,3,1248
Hyundai,Grand i10,Kochi,2017,20773,88.7,19,Diesel,Manual,First,5,8.17 Lakh,5.92,3,1186
Volkswagen,Polo,Kolkata,2016,22000,200,11.1,Diesel,Manual,First,5,9.58 Lakh,6.29,4,1498
BMW,3 Series,Mumbai,2013,25000,88.5,24.3,Diesel,Automatic,First,5,47.87 Lakh,17.99,7,1995
Mahindra,Xylo,Chennai,2015,82000,86.7,18,Diesel,Manual,Second,7,11.67 Lakh,4.85,5,2179
Maruti,Dzire,Hyderabad,2011,110000,68,18.5,Diesel,Manual,First,5,9.14 Lakh,4,9,1248
Volkswagen,Polo,Delhi,2012,68038,78.9,20.36,Diesel,Manual,First,5,9.96 Lakh,3.6,8,1498
BMW,5 Series,Ahmedabad,2013,55000,158.2,19.16,Diesel,Automatic,First,5,63.71 Lakh,21.75,7,1995
Mercedes-Benz,GLC,Mumbai,2017,25000,68,20,Diesel,Automatic,First,5,64.14 Lakh,45,3,2143
Maruti,Alto,Coimbatore,2011,46808,81.86,19.1,Petrol,Manual,Second,5,4.7 Lakh,3.19,9,998
Hyundai,Xcent,Coimbatore,2015,65743,81.83,18.6,Petrol,Manual,First,5,7.85 Lakh,6.2,5,1197
Hyundai,Creta,Mumbai,2016,29477,,18.3,Petrol,Manual,First,5,16.36 Lakh,10.25,4,1591
Toyota,Fortuner,Delhi,2017,40000,55.2,21.1,Diesel,Automatic,First,7,37.38 Lakh,30,3,2755
Ford,EcoSport,Mumbai,2017,30000,170,17.9,Diesel,Manual,First,5,11.89 Lakh,8.99,3,1498
Tata,Zest,Delhi,2017,47000,74,23.4,Petrol,Manual,Second,5,6.62 Lakh,4.5,3,1193
Maruti,Vitara,Kochi,2017,45362,83.1,21.4,Diesel,Manual,First,5,11.75 Lakh,9.38,3,1248
Tata,Hexa,Coimbatore,2019,14233,98.6,24.5,Diesel,Automatic,First,7,22.74 Lakh,17.85,1,2179
Skoda,Superb,Mumbai,2010,62004,141,19.3,Petrol,Automatic,Second,5,33.36 Lakh,3.75,10,1798
Volkswagen,Vento,Mumbai,2016,25500,102,12.8,Diesel,Automatic,First,5,15.86 Lakh,8.95,4,1498
Mercedes-Benz,E-Class,Mumbai,2018,11000,108.5,21.5,Diesel,Automatic,First,5,70.55 Lakh,56.5,2,1950
BMW,3 Series,Mumbai,2014,18600,,17.8,Diesel,Automatic,Second,5,54.43 Lakh,21,6,1995
Land,Rover,Delhi,2016,59000,313,17.54,Diesel,Automatic,First,7,1.13 Cr,36.75,4,2993
Mercedes-Benz,CLA,Coimbatore,2017,20969,74,28.4,Diesel,Automatic,First,5,45.36 Lakh,27.87,3,2143
Maruti,Vitara,Kolkata,2018,2900,141,19.5,Diesel,Manual,First,5,10.13 Lakh,8.75,2,1248
Skoda,Rapid,Coimbatore,2018,5833,120,10.5,Diesel,Manual,First,5,14.22 Lakh,11.92,2,1498
Mahindra,NuvoSport,Coimbatore,2017,37712,,18.48,Diesel,Manual,First,7,11.77 Lakh,7.57,3,1493
Datsun,redi-GO,Kochi,2018,30953,170,13.2,Petrol,Manual,First,5,4.05 Lakh,3.48,2,799
Jeep,Compass,Coimbatore,2018,48188,79.4,18.6,Diesel,Manual,First,5,26.95 Lakh,21.69,2,1956
Toyota,Innova,Coimbatore,2017,65367,66,18.7,Diesel,Automatic,First,7,28.05 Lakh,20.14,3,2755
Maruti,Wagon R,Mumbai,2016,8000,103.6,20.54,Petrol,Automatic,First,5,6.14 Lakh,4.15,4,998
Maruti,Alto,Mumbai,2016,13198,78.9,20.36,Petrol,Manual,First,5,4.82 Lakh,3.15,4,998
Tata,Tiago,Coimbatore,2019,15379,86.7,18,Petrol,Automatic,First,5,7.17 Lakh,6.97,1,1199
Mini,Cooper,Mumbai,2016,15000,67,22.5,Petrol,Automatic,First,4,44.28 Lakh,35,4,1998
Hyundai,Verna,Pune,2017,50000,67.1,24.07,Diesel,Manual,First,5,15.72 Lakh,11.5,3,1582
Renault,Duster,Pune,2016,54000,126.2,22,Diesel,Manual,First,5,11.27 Lakh,6.5,4,1461
Honda,BRV,Pune,2016,9200,103.2,20.34,Petrol,Manual,First,7,13.58 Lakh,8,4,1497
Honda,Amaze,Hyderabad,2015,29000,117.3,17.4,Diesel,Manual,First,5,9.09 Lakh,5.99,5,1498
Maruti,Alto,Kochi,2018,46805,98.6,27.4,Petrol,Manual,First,5,4.09 Lakh,3.63,2,998
Tata,Zest,Mumbai,2017,100000,83.1,21.4,Petrol,Manual,First,5,6.83 Lakh,4.25,3,1193
Maruti,Wagon R,Kochi,2011,15466,201,10.4,Petrol,Manual,First,5,5.04 Lakh,3.36,9,998
BMW,3 Series,Kolkata,2011,70000,67.1,18.9,Diesel,Automatic,First,5,43.81 Lakh,10.3,9,1995
Maruti,Wagon R,Kochi,2014,41994,66.1,19,Petrol,Manual,First,5,5.12 Lakh,3.41,6,998
Audi,Q3,Bangalore,2015,51000,88.73,22.54,Diesel,Automatic,First,5,48.64 Lakh,27.5,5,1968
Maruti,Wagon R,Jaipur,2015,64876,67.04,23.1,Petrol,Manual,First,5,5.71 Lakh,3.5,5,1197
Maruti,Celerio,Kochi,2016,70536,157.8,13.4,CNG,Manual,First,5,5.87 Lakh,4.58,4,998
Maruti,Vitara,Coimbatore,2017,25299,68,20,Diesel,Manual,First,5,12.56 Lakh,10.34,3,1248
Honda,Amaze,Kochi,2016,40866,190,22.69,Petrol,Manual,First,5,8.16 Lakh,5.47,4,1199
Mini,Cooper,Kochi,2017,20469,67.04,22.5,Petrol,Automatic,First,4,44.28 Lakh,35.98,3,1998
Volkswagen,Ameo,Kochi,2018,31426,62.1,17.92,Diesel,Manual,First,5,9.72 Lakh,7.9,2,1498
Maruti,Baleno,Kochi,2019,13574,189.08,16.82,Petrol,Automatic,First,5,10.3 Lakh,9.51,1,1197
BMW,5 Series,Ahmedabad,2013,90000,86.8,16.5,Diesel,Automatic,First,5,63.71 Lakh,19.5,7,1995
Maruti,Vitara,Kochi,2017,38426,88.76,21.19,Diesel,Manual,First,5,11.12 Lakh,9.13,3,1248
Maruti,Eeco,Pune,2011,45000,83.1,21.4,Petrol,Manual,First,7,4.69 Lakh,2.25,9,1196
Maruti,Wagon R,Mumbai,2010,37822,73.9,19.3,Petrol,Manual,First,5,5.04 Lakh,2.35,10,998
Toyota,Innova,Coimbatore,2017,72202,88.5,24.3,Diesel,Manual,First,8,24.01 Lakh,17.92,3,2393
Mercedes-Benz,GLE,Coimbatore,2018,30706,67.04,22.5,Diesel,Automatic,First,5,95.13 Lakh,59.29,2,2987
Maruti,Baleno,Mumbai,2016,12208,55.2,21.1,Petrol,Manual,First,5,8.78 Lakh,6.75,4,1197
Volkswagen,Polo,Mumbai,2017,27853,81.8,20.4,Petrol,Automatic,First,5,11.26 Lakh,8.25,3,1197
Hyundai,Grand i10,Kochi,2018,20689,83,15.3,Petrol,Manual,First,5,6.68 Lakh,6.07,2,1197
Renault,KWID,Coimbatore,2017,53285,90,23,Petrol,Automatic,First,5,5.42 Lakh,4.28,3,999
Mercedes-Benz,GLE,Mumbai,2017,19863,83.1,21.4,Diesel,Automatic,First,5,91.23 Lakh,64.95,3,2987
Hyundai,Grand i10,Mumbai,2018,3958,107.2,10.5,Petrol,Manual,First,5,7.14 Lakh,5.55,2,1197
BMW,X3,Hyderabad,2009,58000,254.79,11.57,Diesel,Automatic,First,5,69.59 Lakh,17.98,11,1995
Renault,KWID,Kochi,2018,18335,140,15.1,Petrol,Manual,First,5,4.61 Lakh,4.5,2,999
Volkswagen,Polo,Mumbai,2017,25000,190,18.56,Petrol,Automatic,First,5,11.26 Lakh,7.75,3,1197
Toyota,Fortuner,Kochi,2019,21719,190,18.12,Diesel,Automatic,First,7,37.38 Lakh,33.13,1,2755
Renault,KWID,Hyderabad,2018,4126,177,18.48,Petrol,Manual,First,5,5.3 Lakh,4.8,2,999
Tata,Bolt,Hyderabad,2017,98500,121.3,17.1,Diesel,Manual,First,5,7.97 Lakh,6,3,1248
BMW,3 Series,Coimbatore,2009,103905,157.75,13.7,Diesel,Automatic,First,5,43.31 Lakh,9.92,11,1995
Audi,A6,Delhi,2014,56000,56.3,25.44,Diesel,Automatic,First,5,59.38 Lakh,24,6,1968
Volkswagen,Vento,Kochi,2017,33550,83.14,20.85,Diesel,Automatic,First,5,15.86 Lakh,9.6,3,1498
Audi,A6,Hyderabad,2014,62000,67,21.7,Diesel,Automatic,First,5,67.1 Lakh,25,6,1968
Ford,EcoSport,Coimbatore,2018,27852,86.7,18,Petrol,Automatic,First,5,14.1 Lakh,10.44,2,1497
Tata,Nexon,Mumbai,2018,14000,73.9,16.47,Diesel,Manual,First,5,12.22 Lakh,9.9,2,1497
Isuzu,MUX,Jaipur,2017,34429,108.5,19.01,Diesel,Automatic,First,7,33.68 Lakh,20,3,2999
Toyota,Corolla,Ahmedabad,2012,52100,108.5,21.5,Diesel,Manual,First,5,19.27 Lakh,6.5,8,1364
Hyundai,Grand i10,Jaipur,2018,10000,68.05,20,Petrol,Manual,First,5,6.96 Lakh,5.85,2,1197
Jeep,Compass,Coimbatore,2019,6261,300,17.85,Diesel,Manual,First,5,26.95 Lakh,23.91,1,1956
Maruti,Ignis,Coimbatore,2019,3906,126.2,17.01,Petrol,Automatic,First,5,7.96 Lakh,7.36,1,1197
Toyota,Innova,Mumbai,2017,38000,174.57,13.8,Diesel,Manual,First,7,23.06 Lakh,17.65,3,2393
Toyota,Platinum,Hyderabad,2015,150000,91.1,20.73,Diesel,Manual,First,5,9.58 Lakh,6,5,1364
Toyota,Innova,Delhi,2017,18000,81.8,20.89,Diesel,Automatic,First,8,20.8 Lakh,18.25,3,2755
Nissan,Micra,Ahmedabad,2016,41000,171.5,11.36,Petrol,Manual,First,5,6.78 Lakh,4.25,4,1198
Jeep,Compass,Hyderabad,2017,37000,88.2,16.1,Diesel,Manual,First,5,19.91 Lakh,16.9,3,1956
Tata,Zest,Pune,2017,72000,74,22.9,Diesel,Manual,First,5,8.93 Lakh,5,3,1248
Maruti,Dzire,Hyderabad,2013,34900,67.04,19.69,Petrol,Manual,First,5,7.97 Lakh,5.49,7,1197
Maruti,Wagon R,Mumbai,2014,25422,82,18.9,Petrol,Manual,First,5,5.04 Lakh,3.25,6,998
Maruti,Ertiga,Mumbai,2018,14000,74,22.95,Diesel,Manual,First,7,11.66 Lakh,9.25,2,1248
Mahindra,KUV,Kolkata,2017,43000,89.84,22.7,Petrol,Manual,First,5,7.35 Lakh,4.5,3,1198
Maruti,Swift,Pune,2010,68000,121.3,13,Petrol,Manual,First,5,6.99 Lakh,2.8,10,1197
Jeep,Compass,Pune,2018,16039,170,13.2,Diesel,Manual,First,5,23.89 Lakh,18.5,2,1956
Maruti,Swift,Hyderabad,2016,52000,66.1,19,Diesel,Manual,First,5,7.27 Lakh,5.95,4,1248
Maruti,Swift,Kochi,2015,53500,112,12.6,Diesel,Manual,First,5,7.88 Lakh,5.36,5,1248
Hyundai,Xcent,Mumbai,2016,50000,73.94,23.2,Diesel,Manual,First,5,8.84 Lakh,3.5,4,1186
BMW,3 Series,Delhi,2019,87000,203,14.21,Diesel,Automatic,First,5,52.46 Lakh,6.67,1,1995
Mahindra,Xylo,Coimbatore,2016,93166,73.9,22.07,Diesel,Manual,Second,7,11.67 Lakh,5.85,4,2179
Toyota,Corolla,Kolkata,2018,5000,70,15.6,Petrol,Automatic,First,5,22.37 Lakh,16.95,2,1798
Skoda,Rapid,Mumbai,2015,39822,74,16.47,Petrol,Manual,First,5,12.02 Lakh,4.68,5,1598
Renault,KWID,Kochi,2017,24214,103.52,15,Petrol,Manual,Second,5,3.95 Lakh,3.46,3,799
BMW,3 Series,Coimbatore,2013,85846,118.3,14.02,Diesel,Automatic,First,5,48.79 Lakh,13.08,7,1995
Maruti,Alto,Kochi,2018,44202,80,18.5,CNG,Manual,First,4,4.66 Lakh,4,2,998
Maruti,Vitara,Kochi,2017,35981,35,14,Diesel,Manual,First,5,11.29 Lakh,9.51,3,1248
Maruti,Wagon R,Delhi,2014,74663,126.2,17.01,CNG,Manual,First,5,5.35 Lakh,3.25,6,998
Porsche,Cayenne,Kochi,2019,14298,102,12.8,Petrol,Automatic,First,5,1.36 Cr,2.02,1,2995
Honda,Brio,Mumbai,2015,22000,184,17.05,Petrol,Manual,First,5,6.23 Lakh,3.95,5,1198
Hyundai,Grand i10,Coimbatore,2019,12153,68.05,19.81,Petrol,Automatic,First,5,7.98 Lakh,6.84,1,1197
Audi,A4,Kochi,2017,61221,60,17.3,Petrol,Automatic,First,5,47.16 Lakh,21.73,3,1395
Mini,Cooper,Kochi,2019,14857,148,14.1,Diesel,Automatic,First,5,41.98 Lakh,31.55,1,1496
Ford,Endeavour,Coimbatore,2019,14648,80,17,Diesel,Manual,First,7,35.29 Lakh,27.36,1,2198
Tata,Zest,Kochi,2017,48198,187.7,16.36,Petrol,Manual,First,5,7.63 Lakh,4.65,3,1193
Maruti,Dzire,Pune,2012,150000,85.8,19.1,Diesel,Manual,Third,5,7.91 Lakh,2.25,8,1248
Maruti,Eeco,Ahmedabad,2015,47001,47.3,22.74,CNG,Manual,First,5,5.36 Lakh,3.72,5,1196
Maruti,Wagon R,Chennai,2014,52000,113.98,20.7,Petrol,Manual,First,5,5.51 Lakh,3.45,6,998
Hyundai,Grand i10,Coimbatore,2017,62788,82.4,18.2,Petrol,Manual,First,5,8.1 Lakh,6.08,3,1197
Toyota,Innova,Pune,2018,20300,163.7,17.3,Diesel,Automatic,First,7,20.97 Lakh,18,2,2755
Mini,Cooper,Kochi,2015,27641,126.32,22.32,Diesel,Automatic,Second,4,34.89 Lakh,24.77,5,1496
Mahindra,XUV500,Delhi,2018,9000,73.9,16.47,Diesel,Manual,First,7,16.4 Lakh,13,2,2179
BMW,7 Series,Kolkata,2012,41100,130.2,14.8,Diesel,Automatic,First,5,1.66 Cr,26.5,8,2993
Honda,City,Mumbai,2015,19000,121.3,13,Petrol,Automatic,First,5,15.29 Lakh,8.95,5,1497
Honda,City,Jaipur,2017,35000,138.03,14.28,Petrol,Automatic,First,5,14.67 Lakh,7.7,3,1497
Honda,City,Mumbai,2017,11000,261.49,16.77,Petrol,Manual,First,5,12.57 Lakh,8.5,3,1497
Nissan,Micra,Chennai,2012,93450,73.9,19.3,Diesel,Manual,Second,5,9.48 Lakh,2.5,8,1461
Maruti,Dzire,Ahmedabad,2013,56454,117.3,17.4,Diesel,Manual,First,5,8.95 Lakh,4.65,7,1248
Jeep,Compass,Kolkata,2017,15050,83.1,14.07,Diesel,Manual,First,5,23.19 Lakh,17.5,3,1956
Ford,Freestyle,Kolkata,2018,8896,168.5,12.55,Petrol,Manual,First,5,8.24 Lakh,7.34,2,1194
Honda,Jazz,Mumbai,2016,31378,203,14.21,Petrol,Manual,First,5,8.71 Lakh,5.9,4,1199
Audi,Q3,Mumbai,2017,31000,73.75,28.4,Diesel,Automatic,First,5,44.75 Lakh,27,3,1968
Mercedes-Benz,E-Class,Kolkata,2015,7501,88.7,18.7,Petrol,Automatic,First,4,87.57 Lakh,48,5,2996
Mercedes-Benz,GLE,Coimbatore,2018,29277,73.9,16.47,Diesel,Automatic,First,5,95.13 Lakh,59.65,2,2987
Maruti,Baleno,Coimbatore,2018,34630,102,12.8,Petrol,Automatic,First,5,8.57 Lakh,7.29,2,1197
Mini,Cooper,Kochi,2016,32298,88.7,18.2,Diesel,Automatic,First,4,35 Lakh,23.8,4,1496
Ford,Aspire,Kolkata,2018,17000,62.1,17.92,Diesel,Manual,First,5,7.56 Lakh,5.65,2,1498
Mercedes-Benz,CLA,Kochi,2019,29836,86.8,19.4,Diesel,Automatic,First,5,43.07 Lakh,25.75,1,2143
Toyota,Etios,Delhi,2013,84000,100,18.49,Diesel,Manual,First,5,7.83 Lakh,3.85,7,1364
Maruti,Celerio,Chennai,2015,55000,86.8,18.16,Petrol,Automatic,First,5,6 Lakh,3.5,5,998
Honda,City,Mumbai,2017,7500,53.3,25.17,Petrol,Manual,First,5,13.76 Lakh,11.15,3,1497
Renault,Duster,Jaipur,2016,68163,82,16.9,Diesel,Automatic,First,5,14.11 Lakh,8.9,4,1461
Maruti,Vitara,Kochi,2017,35384,88.8,21.9,Diesel,Manual,First,5,9.12 Lakh,8.61,3,1248
Ford,EcoSport,Coimbatore,2018,32189,184,17.05,Diesel,Manual,First,5,11.2 Lakh,9.25,2,1498
BMW,3 Series,Mumbai,2010,67000,121.4,17.1,Diesel,Automatic,Second,5,47.87 Lakh,9.25,10,1995
Maruti,Vitara,Coimbatore,2018,52380,88.7,19,Diesel,Manual,First,5,12.47 Lakh,10.15,2,1248
Toyota,Etios,Chennai,2011,42000,63,13.6,Petrol,Manual,Second,5,6.51 Lakh,3.75,9,1197
Honda,WRV,Ahmedabad,2017,32248,75,18.06,Petrol,Manual,First,5,10.32 Lakh,8.25,3,1199
Hyundai,Grand i10,Bangalore,2014,61325,108.5,19.01,Petrol,Manual,First,5,8.1 Lakh,4.4,6,1197
Honda,Amaze,Jaipur,2014,69000,102,12.8,Petrol,Manual,First,5,7.52 Lakh,4.5,6,1199
Volkswagen,Vento,Hyderabad,2016,45492,73.9,16.47,Diesel,Automatic,First,5,15.68 Lakh,10.3,4,1498
Hyundai,Grand i10,Coimbatore,2014,33496,108.45,19.01,Petrol,Manual,First,5,7.45 Lakh,5.5,6,1197
BMW,5 Series,Delhi,2013,65000,126.24,22.7,Diesel,Automatic,First,5,67.87 Lakh,21.26,7,1995
Toyota,Corolla,Bangalore,2016,16471,160,14.3,Petrol,Manual,Second,5,20.48 Lakh,11.5,4,1798
Honda,City,Pune,2018,4500,140,16.55,Petrol,Automatic,First,5,15.17 Lakh,12.5,2,1497
Renault,Duster,Coimbatore,2017,42646,88.5,24.52,Diesel,Automatic,First,5,15.05 Lakh,12.46,3,1461
Maruti,Swift,Jaipur,2015,63310,190,22.48,Diesel,Manual,First,5,8.13 Lakh,5.1,5,1248
Honda,Jazz,Hyderabad,2015,37000,82,18.15,Petrol,Manual,First,5,8.79 Lakh,6.3,5,1199
Nissan,Terrano,Hyderabad,2013,65280,140,16,Diesel,Manual,First,5,14.72 Lakh,5.8,7,1461
Jeep,Compass,Jaipur,2017,45000,,18.48,Diesel,Manual,First,5,25.54 Lakh,20,3,1956
Honda,City,Pune,2017,42000,181,16.07,Diesel,Manual,First,5,16.84 Lakh,12,3,1498
Hyundai,Grand i10,Chennai,2018,48000,169,11.5,Diesel,Manual,First,5,8.28 Lakh,5.95,2,1186
Toyota,Innova,Coimbatore,2019,33598,82,18.9,Diesel,Manual,First,7,23.94 Lakh,22.2,1,2393
Mercedes-Benz,CLA,Kochi,2019,13414,140,16,Diesel,Automatic,First,5,43.07 Lakh,30.77,1,2143
Mahindra,KUV,Jaipur,2018,15900,140,16,Petrol,Manual,First,6,7.88 Lakh,6.25,2,1198
Audi,A6,Coimbatore,2017,36824,120,15.4,Diesel,Automatic,First,5,69.37 Lakh,39.84,3,1968
Maruti,Baleno,Kolkata,2016,20000,105.5,17.43,Petrol,Automatic,First,5,9.04 Lakh,5.74,4,1197
BMW,3 Series,Ahmedabad,2016,27000,138.03,16.96,Diesel,Automatic,First,5,55.07 Lakh,35,4,1995
Maruti,Dzire,Chennai,2017,19000,68.05,20,Diesel,Automatic,First,5,10.97 Lakh,8.9,3,1248
Jeep,Compass,Kochi,2018,42203,103.6,15.04,Diesel,Manual,First,5,21.72 Lakh,19.46,2,1956
Tata,Nexon,Kolkata,2018,4900,88.5,23.65,Diesel,Manual,First,5,11.47 Lakh,9.22,2,1497
Renault,KWID,Pune,2018,5000,85,16.1,Petrol,Manual,First,5,4.9 Lakh,3.5,2,799
Toyota,Fortuner,Kochi,2011,169006,88.8,20.77,Diesel,Manual,First,7,36.69 Lakh,10.64,9,2755
Honda,Jazz,Mumbai,2017,17978,134,12.4,Petrol,Automatic,First,5,10.1 Lakh,6.95,3,1199
Maruti,S-Cross,Kolkata,2016,45296,118,17,Diesel,Manual,First,5,12.53 Lakh,6.99,4,1248
Tata,Hexa,Pune,2017,39800,,10.8,Diesel,Manual,First,7,20.87 Lakh,14.25,3,2179
Maruti,Eeco,Coimbatore,2016,42225,67,17.8,Petrol,Manual,First,7,4.98 Lakh,4.3,4,1196
Maruti,Ignis,Kochi,2019,12076,71,24.4,Petrol,Manual,First,5,5.9 Lakh,5.5,1,1197
Volkswagen,Polo,Coimbatore,2017,50534,71,24.4,Petrol,Automatic,First,5,11.66 Lakh,8.27,3,1197
BMW,5 Series,Ahmedabad,2010,46000,180,10.2,Diesel,Automatic,First,5,63.71 Lakh,16.5,10,1995
Mercedes-Benz,GLC,Coimbatore,2019,29311,88.73,20.14,Diesel,Automatic,First,5,64.57 Lakh,50.97,1,2143
BMW,3 Series,Mumbai,2016,31000,81.8,20.89,Diesel,Automatic,First,5,60.88 Lakh,29.95,4,1995
Ford,EcoSport,Pune,2017,14000,117.3,18,Petrol,Automatic,First,5,13.23 Lakh,9.99,3,1497
Maruti,Vitara,Ahmedabad,2017,33000,140,16.55,Diesel,Manual,First,5,11.06 Lakh,9.25,3,1248
Nissan,Terrano,Mumbai,2013,60000,98.6,24.2,Diesel,Manual,Second,5,17.21 Lakh,5.45,7,1461
Maruti,Celerio,Coimbatore,2017,35225,126.2,17.01,Petrol,Automatic,First,5,6.56 Lakh,5.25,3,998
BMW,3 Series,Hyderabad,2010,80000,74,26.59,Diesel,Automatic,First,5,47.2 Lakh,14.2,10,1995
Hyundai,Grand i10,Coimbatore,2016,29091,102,12.8,Petrol,Manual,First,5,6.82 Lakh,4.87,4,1197
Maruti,Vitara,Coimbatore,2017,26927,100,13,Diesel,Manual,First,5,12.56 Lakh,11.39,3,1248
Maruti,Vitara,Delhi,2016,35299,47.3,24.7,Diesel,Manual,First,5,10.14 Lakh,8,4,1248
Land,Rover,Kochi,2015,38467,168.5,12.55,Diesel,Automatic,First,5,1.6 Cr,70.66,5,2993
Maruti,Alto,Mumbai,2017,12000,190,22.69,Petrol,Manual,First,5,4.82 Lakh,3.25,3,998
Maruti,Ciaz,Kochi,2018,10575,46.3,19.7,Petrol,Manual,First,5,11.11 Lakh,9.18,2,1462
Maruti,Wagon R,Kochi,2015,49818,70,24,Petrol,Manual,First,5,5.44 Lakh,4.11,5,1197
Toyota,Innova,Kochi,2017,26023,184,17.05,Diesel,Automatic,First,7,26.55 Lakh,19.97,3,2755
Maruti,Swift,Pune,2014,115000,157.75,13.7,Diesel,Manual,First,5,8.26 Lakh,4.5,6,1248
Tata,Zest,Bangalore,2017,27768,108.45,20.37,Diesel,Manual,First,5,10.06 Lakh,5.85,3,1248
Maruti,Alto,Chennai,2011,28300,174.3,14.16,Petrol,Manual,First,5,4.5 Lakh,2.15,9,998
Audi,A6,Delhi,2018,22000,98.6,24.2,Petrol,Automatic,First,5,56.97 Lakh,41.5,2,1798
Maruti,Vitara,Coimbatore,2018,28741,82,18.9,Diesel,Manual,First,5,12.56 Lakh,11,2,1248
Hyundai,Verna,Kolkata,2018,5000,179.5,12.4,Petrol,Manual,First,5,11.19 Lakh,8.7,2,1591
Maruti,Ertiga,Hyderabad,2016,42000,81.83,18.6,Diesel,Manual,First,7,13.33 Lakh,9.9,4,1248
Hyundai,Verna,Kochi,2012,32542,67.1,24.07,Petrol,Manual,First,5,11.67 Lakh,5.77,8,1591
BMW,3 Series,Kochi,2012,55598,82,19.1,Diesel,Automatic,First,5,47.87 Lakh,11.5,8,1995
Maruti,Dzire,Jaipur,2013,77084,117.3,17.4,Diesel,Manual,First,5,8.75 Lakh,4.95,7,1248
Toyota,Innova,Chennai,2016,40000,,19.5,Diesel,Automatic,First,8,21.1 Lakh,16.45,4,2755
Maruti,Baleno,Mumbai,2018,2000,118,17,Diesel,Manual,First,5,10.28 Lakh,8.7,2,1248
Skoda,Superb,Mumbai,2016,14500,88.73,16.78,Petrol,Automatic,First,5,33.36 Lakh,20.75,4,1798
Maruti,Ciaz,Mumbai,2017,19416,37,16.1,Petrol,Manual,First,5,11.56 Lakh,8.25,3,1462
Toyota,Innova,Pune,2016,50296,74,27.39,Diesel,Automatic,Second,7,27.07 Lakh,19,4,2755
Jeep,Compass,Kochi,2018,26101,168.5,12.55,Diesel,Manual,First,5,21.38 Lakh,17.55,2,1956
Maruti,Alto,Pune,2016,7000,103.6,17.21,Petrol,Manual,First,5,4.36 Lakh,3,4,998
Honda,Jazz,Mumbai,2018,3000,85.8,17.5,Petrol,Automatic,First,5,10.81 Lakh,8.25,2,1199
Nissan,Sunny,Coimbatore,2012,50297,210,13,Petrol,Manual,First,5,8.55 Lakh,4.69,8,1498
Toyota,Corolla,Chennai,2009,32000,181,16.07,Petrol,Manual,Second,5,22.66 Lakh,4.95,11,1798
Maruti,Alto,Jaipur,2016,51264,68.05,20,Petrol,Manual,First,5,4.24 Lakh,3.2,4,998
Mercedes-Benz,CLA,Delhi,2016,40000,88.76,21.9,Petrol,Automatic,First,5,41.02 Lakh,24.5,4,1991
Hyundai,Creta,Kolkata,2018,14000,88.76,21.9,Diesel,Automatic,First,5,17 Lakh,11.25,2,1582
Audi,RS5,Mumbai,2013,23312,66.1,19,Petrol,Automatic,First,4,1.28 Cr,40.5,7,2894
BMW,5 Series,Coimbatore,2014,60280,103.6,15.04,Diesel,Automatic,First,5,63.71 Lakh,22.45,6,1995
Land,Rover,Hyderabad,2017,25000,78,16.4,Diesel,Automatic,First,5,2.3 Cr,160,3,2993
Maruti,Baleno,Coimbatore,2018,26731,174.33,15.73,Petrol,Manual,First,5,10.89 Lakh,8.61,2,998
Toyota,Camry,Coimbatore,2017,23249,107.3,15,Petrol,Automatic,First,5,40.62 Lakh,26.11,3,2487
Hyundai,Grand i10,Delhi,2018,10000,68,16.8,Petrol,Manual,First,5,7.54 Lakh,6.5,2,1197
Skoda,Superb,Coimbatore,2016,54253,86.7,15.5,Petrol,Automatic,First,5,30.19 Lakh,16.81,4,1798
Maruti,Wagon R,Pune,2014,38958,88.5,26.21,Petrol,Manual,First,5,5.56 Lakh,3.41,6,998
Datsun,redi-GO,Chennai,2016,26239,81.86,18.9,Petrol,Manual,First,5,4.43 Lakh,2.75,4,799
Toyota,Fortuner,Coimbatore,2019,56251,174.3,14.16,Diesel,Manual,First,7,37.17 Lakh,35.82,1,2755
Honda,BR-V,Bangalore,2016,34004,175.56,13.5,Petrol,Manual,First,7,12.9 Lakh,8.02,4,1497
Maruti,Wagon R,Mumbai,2014,47200,103.3,15.5,CNG,Manual,First,5,5.58 Lakh,2.85,6,998
Maruti,Dzire,Kochi,2017,54758,177.5,14.7,Diesel,Manual,First,5,8.58 Lakh,6.67,3,1248
Toyota,Innova,Bangalore,2017,53841,272,10.93,Diesel,Automatic,First,7,28.05 Lakh,20.5,3,2755
Hyundai,Creta,Kochi,2017,47183,78.9,20.36,Petrol,Manual,Second,5,15.86 Lakh,11.31,3,1591
Datsun,redi-GO,Kochi,2018,6279,118,17,Petrol,Manual,First,5,4.05 Lakh,3.6,2,799
Hyundai,Creta,Coimbatore,2017,101065,157.7,10.5,Diesel,Manual,First,5,19.18 Lakh,11.45,3,1582
Maruti,Baleno,Kochi,2017,15134,75,17.8,Petrol,Manual,First,5,7.36 Lakh,6.37,3,1197
Maruti,Ertiga,Chennai,2016,86000,67.04,20.51,Diesel,Manual,Second,7,10.99 Lakh,8.2,4,1248
Honda,City,Kolkata,2015,39000,126.32,22.32,Diesel,Manual,First,5,12.23 Lakh,5.49,5,1498
Volkswagen,Vento,Jaipur,2016,33000,83.1,21.4,Petrol,Manual,First,5,11.63 Lakh,7.7,4,1598
Hyundai,Verna,Bangalore,2014,46676,138.03,16.96,Petrol,Manual,First,5,12.27 Lakh,7.75,6,1591
Maruti,Alto,Kochi,2014,51349,100,21.1,Petrol,Manual,First,5,3.91 Lakh,2.93,6,998
Audi,Q3,Coimbatore,2018,22060,98.6,25.6,Diesel,Automatic,First,5,44.8 Lakh,32.73,2,1968
Audi,A4,Kochi,2015,13506,103.5,16.09,Diesel,Automatic,First,5,50.4 Lakh,21.66,5,1968
Renault,KWID,Mumbai,2016,16000,117.3,17.4,Petrol,Manual,First,5,4.78 Lakh,2.99,4,799
Honda,Amaze,Kolkata,2013,32576,108.45,19.72,Petrol,Manual,First,5,7.36 Lakh,3.15,7,1199
Datsun,redi-GO,Coimbatore,2017,27509,53.3,25.17,Petrol,Manual,First,5,4.04 Lakh,3.31,3,799
Skoda,Superb,Mumbai,2016,53000,210,13,Petrol,Automatic,First,5,33.36 Lakh,17.85,4,1798
Toyota,Innova,Delhi,2016,42000,116.3,15.6,Diesel,Automatic,First,7,26.55 Lakh,19.6,4,2755
Maruti,Wagon R,Mumbai,2018,1997,218,9,Petrol,Automatic,First,5,6.14 Lakh,4.45,2,998
Maruti,Vitara,Pune,2016,47300,177.46,14.67,Diesel,Manual,First,5,11.96 Lakh,8.85,4,1248
Maruti,Ertiga,Coimbatore,2014,53817,53.3,25.17,Diesel,Manual,First,7,11.44 Lakh,7.56,6,1248
Toyota,Innova,Ahmedabad,2016,42388,94,13.2,Diesel,Automatic,First,7,24.63 Lakh,18,4,2755
BMW,X1,Kolkata,2017,27001,138.1,17.2,Diesel,Automatic,First,5,50.26 Lakh,29,3,1995
Hyundai,Grand i10,Coimbatore,2017,38712,68.05,19.81,Petrol,Manual,First,5,7.45 Lakh,5.87,3,1197
Maruti,Swift,Ahmedabad,2018,2000,171.5,11.36,Petrol,Manual,First,5,8.16 Lakh,7.75,2,1197
Toyota,Innova,Coimbatore,2019,31271,168.7,12.55,Diesel,Manual,First,8,24.01 Lakh,21.42,1,2393
Skoda,Rapid,Mumbai,2012,54500,86.7,17.8,Diesel,Manual,First,5,13.72 Lakh,4.1,8,1498
Toyota,Innova,Ahmedabad,2016,54000,241.4,12.07,Diesel,Manual,First,7,23.14 Lakh,16.5,4,2393
Tata,Tiago,Hyderabad,2017,16500,147.8,13.68,Petrol,Manual,First,5,6.29 Lakh,5,3,1199
Honda,Amaze,Jaipur,2018,6000,270.9,14.74,Petrol,Manual,First,5,8.18 Lakh,6.7,2,1199
Maruti,Wagon R,Mumbai,2010,12000,91.1,20.73,Petrol,Manual,First,5,5.04 Lakh,2.45,10,998
Hyundai,Grand i10,Kolkata,2018,4500,184,19.59,Petrol,Manual,First,5,6.4 Lakh,4.8,2,1197
Mahindra,Verito,Chennai,2016,50000,86.7,18,Electric,Automatic,First,5,13.58 Lakh,13,4,72
Hyundai,Grand i10,Kochi,2017,51223,110.4,15.85,Petrol,Manual,First,5,7.48 Lakh,5.66,3,1197
Ford,Mustang,Kochi,2018,21290,170,15.8,Petrol,Automatic,First,4,83.92 Lakh,56.8,2,4951
Toyota,Innova,Kochi,2019,14076,108.5,20,Diesel,Automatic,First,7,20.74 Lakh,19.4,1,2755
Hyundai,Grand i10,Hyderabad,2017,22500,97.7,16.95,Petrol,Manual,First,5,7.82 Lakh,5.99,3,1197
Honda,Amaze,Kolkata,2013,46500,69,25,Diesel,Manual,First,5,8.54 Lakh,3.3,7,1498
Maruti,Wagon R,Jaipur,2017,39867,81.86,18.9,Petrol,Manual,First,5,5.44 Lakh,4.5,3,998
Skoda,Superb,Mumbai,2015,19000,64,18.2,Diesel,Automatic,First,5,36.94 Lakh,15.5,5,1968
Volkswagen,Vento,Kolkata,2012,34000,83.8,19.87,Diesel,Manual,First,5,11.16 Lakh,3.4,8,1498
Hyundai,Verna,Kochi,2016,52378,67.04,23.1,Petrol,Manual,First,5,13.6 Lakh,7.97,4,1591
Maruti,Dzire,Kochi,2018,64035,88.2,16.1,Diesel,Automatic,First,5,10.7 Lakh,8.55,2,1248
Maruti,Eeco,Chennai,2016,55000,170,14.84,Petrol,Manual,First,7,4.87 Lakh,3.75,4,1196
Mitsubishi,Pajero,Coimbatore,2015,53497,73.75,28.4,Diesel,Manual,First,7,34.6 Lakh,16.42,5,2477
Mercedes-Benz,GLE,Chennai,2016,29000,171,11.5,Diesel,Automatic,First,5,92.79 Lakh,65,4,2987
Maruti,Wagon R,Kolkata,2017,17000,108.45,19.01,Petrol,Automatic,First,5,5.8 Lakh,3.95,3,998
BMW,3 Series,Mumbai,2011,51000,187.7,16.36,Diesel,Automatic,First,5,47.87 Lakh,10.5,9,1995
BMW,5 Series,Coimbatore,2011,51602,175.56,13.5,Diesel,Automatic,First,5,63.71 Lakh,17.27,9,1995
BMW,3 Series,Pune,2016,70000,102,12.8,Diesel,Automatic,Second,5,62.11 Lakh,27,4,1995
Honda,Jazz,Kochi,2017,36973,67,22.5,Petrol,Manual,First,5,8.71 Lakh,6.8,3,1199
Maruti,Wagon R,Mumbai,2014,43628,90,16,Petrol,Manual,First,5,5.61 Lakh,3.16,6,998
Maruti,Vitara,Chennai,2018,3300,97.7,16.95,Diesel,Automatic,First,5,12.88 Lakh,11.5,2,1248
Maruti,Alto,Delhi,2016,35027,67.1,24.07,Petrol,Manual,First,5,3.91 Lakh,3,4,998
Maruti,Vitara,Bangalore,2017,45000,37.48,25.4,Diesel,Manual,First,5,11 Lakh,9.75,3,1248
BMW,X1,Coimbatore,2019,15456,55.2,21.1,Diesel,Automatic,First,5,48.18 Lakh,36.64,1,1995
Hyundai,Grand i10,Kochi,2015,81828,80,18.5,Diesel,Manual,First,5,8.68 Lakh,5.43,5,1186
Renault,KWID,Jaipur,2016,26000,73,15.1,Petrol,Manual,First,5,4.78 Lakh,3,4,999
Honda,WRV,Hyderabad,2017,15000,63.1,23.08,Petrol,Manual,First,5,10.83 Lakh,8.9,3,1199
Volkswagen,Vento,Kochi,2012,60818,140,16.55,Petrol,Manual,First,5,11.05 Lakh,3.59,8,1598
Maruti,Ertiga,Pune,2016,54161,184,17.05,Diesel,Manual,First,7,11.27 Lakh,7.64,4,1248
Volkswagen,Vento,Kochi,2018,20488,67,18.6,Petrol,Manual,Second,5,11.48 Lakh,7.64,2,1598
Toyota,Fortuner,Coimbatore,2017,72668,117.3,17.8,Diesel,Manual,First,7,37.17 Lakh,28.85,3,2755
Toyota,Etios,Bangalore,2014,57464,103.6,15.04,Diesel,Manual,First,5,9.99 Lakh,5.75,6,1364
Toyota,Innova,Chennai,2016,80000,78.9,20.36,Diesel,Automatic,First,7,26.95 Lakh,19.5,4,2755
Hyundai,Xcent,Pune,2018,40000,117.3,17.4,Petrol,Manual,First,5,6.71 Lakh,5,2,1197
Hyundai,Verna,Kochi,2019,12336,67.1,18.9,Petrol,Manual,First,5,13.6 Lakh,11.88,1,1591
Nissan,Micra,Pune,2018,24000,187.7,16.36,Petrol,Manual,First,5,6.99 Lakh,4,2,1198
Volkswagen,Vento,Chennai,2011,121311,81.86,18.6,Diesel,Manual,First,5,14.32 Lakh,2.9,9,1498
Tata,Tiago,Coimbatore,2019,16698,67.04,23.59,Petrol,Manual,First,5,6.21 Lakh,5.85,1,1199
Land,Rover,Hyderabad,2016,52000,89.84,22.7,Diesel,Automatic,First,5,74.49 Lakh,42,4,1999
Hyundai,Elite,Kochi,2017,37460,117.3,17.4,Petrol,Manual,First,5,8.03 Lakh,6.28,3,1197
Mercedes-Benz,S-Class,Bangalore,2011,47140,67.1,18.9,Diesel,Automatic,Second,5,1.71 Cr,30,9,2925
Hyundai,Creta,Bangalore,2016,93000,84,23.84,Diesel,Manual,First,5,19.18 Lakh,10.8,4,1582
Volvo,V40,Hyderabad,2015,38000,179.5,12.4,Diesel,Automatic,Second,5,37.9 Lakh,24,5,1969
BMW,3 Series,Kochi,2018,21936,88.5,28.09,Diesel,Automatic,First,5,58.67 Lakh,37.92,2,1995
Skoda,Superb,Delhi,2013,80000,82,18.9,Petrol,Automatic,Second,5,32.54 Lakh,7.25,7,1798
Mahindra,Thar,Coimbatore,2017,28599,107.3,15,Diesel,Manual,First,6,11.71 Lakh,9.66,3,2498
Datsun,redi-GO,Kolkata,2016,15000,103.5,15.26,Petrol,Manual,First,5,3.98 Lakh,2.25,4,799
Maruti,Alto,Kochi,2015,23876,88.5,24.3,Petrol,Manual,First,5,4.09 Lakh,3.46,5,998
BMW,3 Series,Hyderabad,2011,89000,120,10.5,Diesel,Automatic,First,5,47.2 Lakh,13.95,9,1995
Maruti,Wagon R,Kolkata,2014,37000,108.45,19.01,Petrol,Manual,First,5,5.56 Lakh,2.8,6,1197
Audi,A4,Hyderabad,2017,14000,67.1,24.07,Diesel,Automatic,First,5,55.61 Lakh,43,3,1968
Hyundai,Santro,Chennai,2001,140000,74,22.9,Petrol,Manual,Third,5,4.55 Lakh,0.7,19,1086
Maruti,Baleno,Chennai,2016,16000,190,22.69,Petrol,Manual,First,5,8.8 Lakh,6.95,4,1197
Tata,Nexon,Coimbatore,2018,17477,88.5,26.21,Petrol,Manual,First,5,11.13 Lakh,9.62,2,1198
Maruti,Wagon R,Kochi,2014,52431,120,11.79,Petrol,Manual,First,5,4.59 Lakh,3.01,6,998
Maruti,Vitara,Kochi,2018,57078,141,19.3,Diesel,Manual,First,5,11.58 Lakh,10.19,2,1248
Maruti,Baleno,Hyderabad,2017,24000,167.62,19.27,Diesel,Manual,First,5,10.63 Lakh,8.4,3,1248
Maruti,Baleno,Mumbai,2018,3000,140,16,Petrol,Automatic,First,5,10.3 Lakh,8.85,2,1197
Honda,City,Ahmedabad,2017,29000,130,13.5,Petrol,Manual,First,5,12.68 Lakh,10,3,1497
Mercedes-Benz,GLC,Mumbai,2017,24000,168.5,12.55,Diesel,Automatic,First,5,59.77 Lakh,46.95,3,2143
Hyundai,Creta,Coimbatore,2018,44383,74,27.39,Petrol,Manual,First,5,17.7 Lakh,13.25,2,1591
Hyundai,Creta,Delhi,2016,69000,68.05,20,Petrol,Manual,First,5,14.23 Lakh,9.7,4,1591
Maruti,Dzire,Coimbatore,2018,25082,83.1,21.4,Diesel,Automatic,First,5,9.62 Lakh,8.37,2,1248
Audi,A4,Coimbatore,2014,28469,103.6,20.54,Diesel,Automatic,First,5,53.14 Lakh,24.37,6,1968
Ford,Aspire,Kolkata,2017,60048,110,15.8,Diesel,Manual,First,5,8.91 Lakh,6,3,1498
Maruti,Dzire,Coimbatore,2019,8018,74,23.4,Petrol,Automatic,First,5,10.26 Lakh,8.3,1,1197
Tata,Tiago,Pune,2018,2000,168.5,12.55,Petrol,Automatic,First,5,6.94 Lakh,5,2,1199
Hyundai,Verna,Hyderabad,2008,109606,147.9,18.3,Diesel,Manual,First,5,15.59 Lakh,2.9,12,1582
Honda,Amaze,Kochi,2019,25717,171,11.5,Petrol,Automatic,First,5,9.47 Lakh,8.86,1,1199
Honda,Jazz,Chennai,2017,8000,203.2,15.26,Petrol,Manual,First,5,9.1 Lakh,7.9,3,1199
Hyundai,Creta,Coimbatore,2019,24864,78.9,20.36,Diesel,Manual,First,5,19.18 Lakh,16.27,1,1582
BMW,5 Series,Hyderabad,2016,27000,81.8,20.4,Diesel,Automatic,First,5,78.31 Lakh,48,4,2993
Audi,A3,Mumbai,2016,39000,170,19.27,Diesel,Automatic,First,5,42.89 Lakh,18.9,4,1968
Volkswagen,Polo,Jaipur,2015,66000,37.5,25.4,Diesel,Manual,First,5,9.56 Lakh,4.91,5,1498
BMW,X3,Kochi,2017,36723,120,12.05,Diesel,Automatic,First,5,64.76 Lakh,32.57,3,1995
Audi,Q7,Pune,2017,59500,89.84,22.7,Diesel,Automatic,First,7,99.92 Lakh,68,3,2967
Honda,Jazz,Hyderabad,2017,17151,126.2,20.5,Diesel,Manual,First,5,11.05 Lakh,8.4,3,1498
Maruti,Vitara,Kochi,2018,32539,118,17,Diesel,Manual,First,5,8.63 Lakh,8.39,2,1248
Land,Rover,Coimbatore,2019,24013,73,15.1,Diesel,Automatic,First,7,69.22 Lakh,56.14,1,1999
Jeep,Compass,Kolkata,2017,27000,,16.1,Diesel,Manual,First,5,18.45 Lakh,15,3,1956
Maruti,Vitara,Coimbatore,2017,58829,98.6,26,Diesel,Manual,First,5,9.89 Lakh,9.05,3,1248
Maruti,Celerio,Kolkata,2018,30000,117.3,17.8,Petrol,Manual,First,5,4.87 Lakh,3.75,2,998
Maruti,Vitara,Coimbatore,2017,21789,171,11.5,Diesel,Manual,First,5,11 Lakh,9.88,3,1248
Hyundai,Elite,Coimbatore,2019,21134,171,11.5,Petrol,Manual,First,5,9.78 Lakh,8.78,1,1197
Maruti,Dzire,Hyderabad,2013,68434,47,27.62,Diesel,Manual,First,5,9.14 Lakh,5.5,7,1248
Maruti,Alto,Pune,2014,17000,171,11.5,Petrol,Manual,First,5,4.48 Lakh,2.1,6,998
Hyundai,Verna,Mumbai,2013,79225,90,23.5,Diesel,Manual,First,5,15.57 Lakh,5.5,7,1582
Maruti,Wagon R,Kochi,2019,31817,140,15.1,Petrol,Manual,First,5,5.12 Lakh,5.34,1,998
Mercedes-Benz,GLE,Hyderabad,2016,50000,181.03,12,Diesel,Automatic,First,5,79.43 Lakh,49,4,2143
Tata,Zest,Kolkata,2017,45000,117.3,17.4,Diesel,Manual,First,5,7.94 Lakh,3.75,3,1248
Mercedes-Benz,GLE,Bangalore,2016,28541,126.32,22.32,Diesel,Automatic,First,5,95.13 Lakh,60.75,4,2987
Nissan,Micra,Kolkata,2011,44000,126.2,23.9,Petrol,Automatic,First,5,8.73 Lakh,2.65,9,1198
Tata,Zest,Coimbatore,2015,27000,67.1,20.92,Petrol,Manual,First,5,8.69 Lakh,5.27,5,1193
Honda,Jazz,Chennai,2016,14980,85,16.1,Diesel,Manual,First,5,10.81 Lakh,7.4,4,1498
Mercedes-Benz,CLA,Jaipur,2017,39000,170,10,Diesel,Automatic,First,5,42.4 Lakh,27,3,2143
Toyota,Corolla,Coimbatore,2015,53920,88.73,22.54,Petrol,Manual,First,5,23.37 Lakh,10.77,5,1798
BMW,5 Series,Chennai,2010,58000,98.82,13.7,Diesel,Automatic,First,5,79.78 Lakh,11.75,10,2993
Maruti,Celerio,Delhi,2015,64687,78.9,20.36,CNG,Manual,First,5,5.87 Lakh,3.8,5,998
Tata,Zest,Kochi,2015,39208,120,12.05,Petrol,Manual,First,5,7.63 Lakh,4.52,5,1193
Honda,City,Coimbatore,2013,38622,138.1,14,Petrol,Manual,First,5,12.68 Lakh,6.26,7,1497
Hyundai,Verna,Bangalore,2012,79000,174.33,15.73,Diesel,Automatic,First,5,16.6 Lakh,5.25,8,1582
Renault,KWID,Coimbatore,2018,38171,85.8,18.6,Petrol,Automatic,Second,5,5.72 Lakh,4.99,2,999
Renault,KWID,Kochi,2017,53105,138.03,14.28,Petrol,Automatic,First,5,4.93 Lakh,4.41,3,999
Mahindra,Bolero,Coimbatore,2017,68557,55.2,21.1,Diesel,Manual,First,7,11.28 Lakh,8.14,3,2523
Volkswagen,Vento,Hyderabad,2016,34000,74,26.59,Diesel,Manual,First,5,14.2 Lakh,8.45,4,1498
BMW,3 Series,Bangalore,2012,73000,88.8,20.14,Diesel,Automatic,First,5,48.79 Lakh,12.5,8,1995
Ford,EcoSport,Kochi,2017,63423,157.7,10,Diesel,Manual,First,5,10.42 Lakh,7.69,3,1498
Hyundai,Creta,Kochi,2018,53322,102,12.8,Petrol,Manual,First,5,16.06 Lakh,12.13,2,1591
Ford,EcoSport,Hyderabad,2017,21800,139.01,17,Petrol,Manual,First,5,11.27 Lakh,8.75,3,1497
Ford,Freestyle,Jaipur,2018,1001,140,15.1,Petrol,Manual,First,5,8.44 Lakh,7.23,2,1194
Hyundai,Elantra,Pune,2013,170000,74,16.47,Diesel,Manual,First,5,20.87 Lakh,7.5,7,1582
Maruti,Vitara,Pune,2016,85000,88.8,20.77,Diesel,Manual,First,5,11.96 Lakh,8.9,4,1248
Toyota,Etios,Jaipur,2014,62322,98.6,25.8,Diesel,Manual,First,5,9.55 Lakh,4.9,6,1364
Maruti,Alto,Kochi,2015,37929,140,15.1,Petrol,Manual,First,5,4.09 Lakh,3.69,5,998
Tata,Tiago,Chennai,2016,5400,138.1,14.53,Petrol,Manual,First,5,5.45 Lakh,3.98,4,1199
Volkswagen,Ameo,Kochi,2017,14576,82.85,18.5,Petrol,Manual,First,5,8.38 Lakh,6.69,3,1198
Honda,BRV,Mumbai,2017,17000,118,16.8,Petrol,Automatic,First,7,15.02 Lakh,9.5,3,1497
Maruti,Celerio,Kochi,2018,12278,82.4,18.2,Petrol,Automatic,First,5,5.95 Lakh,5.63,2,998
Hyundai,Creta,Coimbatore,2018,17665,126.32,22.32,Petrol,Manual,First,5,15.36 Lakh,11.78,2,1591
Tata,Zest,Kolkata,2017,65000,78.9,20.36,Petrol,Manual,First,5,6.59 Lakh,4.8,3,1193
Volkswagen,Vento,Kolkata,2014,38000,80,17,Petrol,Manual,First,5,10.94 Lakh,3.49,6,1598
Volkswagen,Polo,Hyderabad,2016,29647,126.2,22.54,Diesel,Manual,First,5,10.15 Lakh,6.3,4,1498
Maruti,Baleno,Kochi,2018,43639,73.94,23.2,Petrol,Manual,First,5,9.83 Lakh,8.15,2,998
BMW,3 Series,Bangalore,2017,21000,80,17,Diesel,Automatic,First,5,62.07 Lakh,35,3,1995
Maruti,Dzire,Pune,2013,74000,121.3,15.8,Petrol,Manual,First,5,7.67 Lakh,4.5,7,1197
Volkswagen,Polo,Chennai,2017,25000,103.6,15.04,Diesel,Manual,First,5,9.97 Lakh,6.9,3,1498
Audi,A6,Chennai,2015,20000,47.3,22.74,Diesel,Automatic,First,5,67.67 Lakh,35.5,5,1968
Hyundai,Grand i10,Kochi,2018,32663,197,10.91,Diesel,Manual,First,5,8.18 Lakh,6.28,2,1186
Tata,Bolt,Hyderabad,2016,100303,103.5,16.09,Diesel,Manual,First,5,7.43 Lakh,3.7,4,1248
Maruti,Eeco,Mumbai,2014,34670,67.04,23.1,Petrol,Manual,First,7,4.71 Lakh,2.9,6,1196
Hyundai,Grand i10,Delhi,2015,59261,114,13.17,Diesel,Manual,First,5,8.18 Lakh,4.25,5,1186
BMW,3 Series,Hyderabad,2015,47000,78.9,20.36,Diesel,Automatic,First,5,53.68 Lakh,29.5,5,1995
Ford,Ecosport,Ahmedabad,2018,13000,78.9,20.36,Diesel,Manual,First,5,12.12 Lakh,10.9,2,1498
Maruti,Celerio,Bangalore,2015,48808,181,13.6,Petrol,Manual,First,5,6.05 Lakh,4.3,5,998
Hyundai,i20,Pune,2019,1000,99,25.83,Petrol,Manual,First,5,10.25 Lakh,8.6,1,1197
Volkswagen,Ameo,Pune,2016,20000,73.97,24,Diesel,Manual,First,5,10.04 Lakh,6.75,4,1498
Volkswagen,Polo,Kochi,2015,26323,55.2,21.1,Petrol,Automatic,First,5,10.83 Lakh,7.4,5,1197
Mahindra,Bolero,Jaipur,2016,65000,73,15.1,Diesel,Manual,First,7,11.15 Lakh,7.21,4,2523
Hyundai,Xcent,Kolkata,2017,51000,197,10.91,Diesel,Manual,First,5,8.23 Lakh,4.2,3,1186
Toyota,Innova,Hyderabad,2016,73000,78.9,16.95,Diesel,Manual,First,7,19.37 Lakh,16.5,4,2393
Maruti,Swift,Jaipur,2015,39437,81.86,17.19,Diesel,Manual,First,5,7.01 Lakh,5.15,5,1248
Tata,Zest,Mumbai,2014,36000,177,15.06,Petrol,Manual,First,5,7.63 Lakh,3.7,6,1193
Hyundai,Grand i10,Pune,2010,45252,62.1,15.96,Petrol,Manual,First,5,6.8 Lakh,2.25,10,1197
Maruti,Ertiga,Kochi,2018,51236,108.45,19.01,Diesel,Manual,First,7,10.83 Lakh,8.49,2,1248
Maruti,Dzire,Chennai,2017,42000,81.83,18.6,Petrol,Automatic,First,5,8.13 Lakh,5.5,3,1197
Toyota,Corolla,Coimbatore,2016,82725,70,16.1,Petrol,Automatic,First,5,25.27 Lakh,11.99,4,1798
BMW,3 Series,Mumbai,2016,19000,88.7,17.57,Diesel,Automatic,Second,5,57.3 Lakh,29.99,4,1995
Maruti,Wagon R,Delhi,2016,30000,140,15.1,Petrol,Automatic,First,5,5.68 Lakh,4.25,4,998
Maruti,Vitara,Delhi,2016,22000,126.2,19.08,Diesel,Manual,First,5,11.75 Lakh,8.25,4,1248
Honda,WR-V,Kochi,2019,13913,73.94,23.2,Petrol,Manual,First,5,9.36 Lakh,8.2,1,1199
Mercedes-Benz,GLA,Kochi,2016,26212,187.7,12.7,Diesel,Automatic,First,5,38.72 Lakh,24.46,4,2143
Tata,Zest,Pune,2014,23500,184,11.18,Petrol,Manual,Second,5,7.7 Lakh,3.9,6,1193
Maruti,Wagon R,Mumbai,2015,26000,272,11.8,Petrol,Automatic,First,5,6.43 Lakh,3.65,5,1197
Hyundai,Xcent,Kolkata,2016,26000,81.8,22,Diesel,Manual,First,5,8.23 Lakh,5,4,1186
Maruti,Wagon R,Jaipur,2017,35362,147.51,16.55,Petrol,Manual,First,5,5.44 Lakh,3.85,3,998
BMW,3 Series,Bangalore,2010,58000,88.7,17.5,Diesel,Automatic,First,5,48.79 Lakh,11.5,10,1995
Renault,KWID,Chennai,2018,14000,66,18.7,Petrol,Automatic,First,5,5.67 Lakh,4.5,2,999
Hyundai,Creta,Coimbatore,2016,47392,88.7,17.57,Diesel,Manual,First,5,19.18 Lakh,13.82,4,1582
Maruti,Dzire,Pune,2017,48000,140,16,Diesel,Manual,First,5,7.91 Lakh,6,3,1248
Renault,KWID,Jaipur,2016,26000,70,17.5,Petrol,Manual,First,5,3.96 Lakh,2.55,4,799
Maruti,Alto,Jaipur,2016,35000,187.7,12.7,Petrol,Manual,First,5,4.24 Lakh,3,4,998
BMW,X3,Mumbai,2018,1400,82,18.9,Diesel,Automatic,First,5,70.55 Lakh,61.25,2,1995
Mini,Cooper,Kochi,2016,21110,88.73,22.54,Petrol,Automatic,First,4,39.27 Lakh,28.95,4,1998
Toyota,Etios,Coimbatore,2015,64005,74,16.2,Petrol,Manual,First,5,6.41 Lakh,4.57,5,1197
Nissan,Micra,Mumbai,2015,34895,120,10.5,Petrol,Automatic,First,5,9.47 Lakh,4.6,5,1198
Toyota,Innova,Kochi,2017,20789,58.2,26.2,Diesel,Automatic,First,7,20.74 Lakh,18.36,3,2755
Land,Rover,Delhi,2014,47000,53.3,25.17,Diesel,Automatic,Second,5,1.39 Cr,64.75,6,2993
BMW,5 Series,Coimbatore,2016,75637,88.76,20.77,Diesel,Automatic,First,5,71.82 Lakh,30.37,4,1995
Renault,KWID,Kochi,2019,6568,178,11.7,Petrol,Manual,First,5,4.78 Lakh,5.09,1,799
BMW,3 Series,Kochi,2016,62404,78.9,20.36,Diesel,Automatic,First,5,54.43 Lakh,21.33,4,1995
BMW,3 Series,Coimbatore,2017,34232,80,18.5,Diesel,Automatic,First,5,55.07 Lakh,35.84,3,1995
Honda,CR-V,Chennai,2004,135000,,17,Petrol,Automatic,Third,5,33.51 Lakh,3,16,1997
Renault,Duster,Chennai,2012,80000,75.94,19.15,Diesel,Manual,First,5,15.94 Lakh,6.75,8,1461
Toyota,Fortuner,Coimbatore,2019,28069,98.6,25.8,Diesel,Automatic,First,7,34.45 Lakh,30.85,1,2755
Nissan,Sunny,Chennai,2012,70000,190,21.76,Diesel,Manual,Second,5,11.48 Lakh,4,8,1461
Maruti,Wagon R,Mumbai,2019,600,108.45,19.72,Petrol,Automatic,First,5,6.8 Lakh,6.25,1,1197
Tata,Tigor,Ahmedabad,2017,16235,126.2,22.7,Diesel,Manual,First,5,7.15 Lakh,5.5,3,1047
Skoda,Superb,Kochi,2017,73641,103.2,13.9,Petrol,Automatic,First,5,33.36 Lakh,17.08,3,1798
Hyundai,Verna,Mumbai,2012,75059,190,18.12,Petrol,Automatic,First,5,13.7 Lakh,4.25,8,1591
Toyota,Etios,Pune,2018,3000,123.7,16.52,Diesel,Manual,First,5,10.63 Lakh,7.9,2,1364
Volkswagen,Polo,Coimbatore,2014,52951,180,9.8,Diesel,Manual,First,5,10.32 Lakh,5.65,6,1498
Maruti,Eeco,Delhi,2016,126000,67.04,23.59,Petrol,Manual,First,7,4.43 Lakh,2.2,4,1196
Volkswagen,Vento,Hyderabad,2017,28000,67.1,18.9,Diesel,Manual,First,5,14.2 Lakh,10,3,1498
Hyundai,Grand i10,Delhi,2017,46000,88,20.14,Petrol,Manual,First,5,6.54 Lakh,4.75,3,1197
Maruti,Baleno,Coimbatore,2018,33150,84.8,21.64,Petrol,Manual,First,5,8.71 Lakh,7.39,2,1197
Honda,City,Ahmedabad,2012,34000,83.14,20.85,Petrol,Manual,First,5,12.68 Lakh,5.75,8,1497
Honda,BRV,Mumbai,2017,16503,126.2,23.9,Petrol,Automatic,First,7,15.02 Lakh,9.5,3,1497
Honda,City,Kochi,2019,22321,108.5,20.64,Petrol,Automatic,First,5,13.4 Lakh,11.66,1,1497
Mahindra,KUV,Delhi,2018,42000,68.05,19.81,Petrol,Manual,First,6,7.96 Lakh,5.5,2,1198
Honda,City,Kochi,2018,11732,100.6,12.99,Petrol,Manual,First,5,11.88 Lakh,10.07,2,1497
Toyota,Innova,Kolkata,2017,31000,126.32,22.32,Diesel,Manual,First,7,21.36 Lakh,16.95,3,2393
Volvo,S60,Hyderabad,2014,51000,120,12.05,Diesel,Automatic,First,5,45.67 Lakh,21.5,6,1969
Honda,Brio,Delhi,2012,40315,157.75,13.7,Petrol,Manual,First,5,5.92 Lakh,2.75,8,1198
Tata,Tiago,Coimbatore,2019,20712,70,15.6,Petrol,Manual,First,5,6.59 Lakh,6.94,1,1199
Nissan,Terrano,Kochi,2015,58817,83.1,21.4,Diesel,Manual,First,5,15.06 Lakh,6.25,5,1461
Tata,Tiago,Hyderabad,2017,22000,98.6,26,Petrol,Manual,First,5,6.42 Lakh,4.8,3,1199
Renault,KWID,Kochi,2019,7858,83.8,20.45,Petrol,Manual,First,5,4.04 Lakh,3.8,1,799
Honda,Amaze,Mumbai,2014,21000,,17,Petrol,Manual,First,5,8.99 Lakh,4.75,6,1199
Volkswagen,Vento,Pune,2016,19000,117.3,17.8,Diesel,Automatic,First,5,15.68 Lakh,10,4,1498
Skoda,Rapid,Coimbatore,2019,21214,84,23.84,Petrol,Manual,First,5,12.44 Lakh,9.66,1,1598
Maruti,Celerio,Kolkata,2016,30000,120.7,14.8,Petrol,Automatic,First,5,5.77 Lakh,3.8,4,998
Renault,KWID,Kochi,2017,21954,85.8,17.5,Petrol,Manual,First,5,4.78 Lakh,3.7,3,799
Nissan,Micra,Coimbatore,2017,54387,116.4,16.8,Petrol,Automatic,First,5,9.51 Lakh,5.85,3,1198
Renault,KWID,Mumbai,2018,1617,78.9,20.36,Petrol,Manual,First,5,4.78 Lakh,4.29,2,799
Honda,City,Hyderabad,2015,82000,126.2,19.67,Diesel,Manual,First,5,13.33 Lakh,8,5,1498
Hyundai,Grand i10,Kochi,2016,28147,130,13.5,Petrol,Manual,First,5,6.62 Lakh,5.07,4,1197
Renault,Duster,Bangalore,2014,70000,75.94,19.15,Diesel,Manual,First,5,15.01 Lakh,8.25,6,1461
Skoda,Superb,Mumbai,2017,35000,147.8,13.68,Diesel,Automatic,First,5,40.73 Lakh,25.75,3,1968
Maruti,Vitara,Kochi,2017,21248,73.9,22.07,Diesel,Manual,First,5,11.75 Lakh,9.44,3,1248
Mercedes-Benz,C-Class,Ahmedabad,2019,4000,70,13.8,Diesel,Automatic,First,5,49.14 Lakh,35,1,1950
Mitsubishi,Pajero,Jaipur,2014,70000,85,15.9,Diesel,Manual,Second,7,33.21 Lakh,11.85,6,2477
Hyundai,Creta,Hyderabad,2018,9900,67.1,20.92,Petrol,Manual,First,5,14.72 Lakh,13.2,2,1591
Tata,Zest,Hyderabad,2016,125000,67.1,18.9,Diesel,Manual,First,5,8.09 Lakh,4.6,4,1248
Renault,Duster,Coimbatore,2017,34686,143,10.9,Diesel,Automatic,First,5,15.05 Lakh,11.86,3,1461
Skoda,Superb,Mumbai,2017,42000,98.6,25.1,Diesel,Automatic,First,5,36.94 Lakh,22.99,3,1968
Mahindra,NuvoSport,Coimbatore,2018,37323,46.3,19.7,Diesel,Manual,Second,7,10.52 Lakh,7.29,2,1493
Maruti,Dzire,Pune,2018,27000,89.84,22.7,Diesel,Manual,First,5,7.91 Lakh,5.9,2,1248
Renault,KWID,Pune,2018,1000,74,22.95,Petrol,Manual,First,5,4.45 Lakh,3.4,2,799
Maruti,Ertiga,Mumbai,2017,28000,103.5,20.5,Petrol,Automatic,First,7,10.65 Lakh,8,3,1462
Toyota,Corolla,Delhi,2010,109703,174.5,18.19,Petrol,Automatic,Second,5,20.46 Lakh,4,10,1798
Hyundai,Verna,Mumbai,2018,8000,100,17.45,Petrol,Automatic,First,5,15.14 Lakh,12.85,2,1591
Mercedes-Benz,GLA,Kochi,2018,17773,89.84,22.7,Petrol,Automatic,First,5,39.22 Lakh,26.76,2,1991
Volkswagen,Polo,Hyderabad,2013,65000,58.2,32.26,Diesel,Manual,Second,5,10.15 Lakh,3.5,7,1498
Volkswagen,Ameo,Ahmedabad,2016,34005,99,25.83,Petrol,Manual,First,5,8.09 Lakh,5.75,4,1198
Maruti,Baleno,Mumbai,2017,6000,126.2,19.67,Petrol,Manual,First,5,8.78 Lakh,7.5,3,1197
Tata,Hexa,Jaipur,2016,39000,258,14.69,Diesel,Automatic,First,7,21 Lakh,13.5,4,2179
Tata,Tiago,Kochi,2017,15386,118,17,Petrol,Manual,First,5,5.56 Lakh,5.11,3,1199
Audi,A4,Coimbatore,2013,58629,68,20,Diesel,Automatic,Second,5,53.14 Lakh,16.52,7,1968
Tata,Bolt,Chennai,2016,10000,181.04,14.74,Petrol,Manual,First,5,7.77 Lakh,4,4,1193
Volkswagen,Vento,Mumbai,2011,38000,67.1,18.9,Petrol,Manual,First,5,11.91 Lakh,3.25,9,1598
Maruti,Vitara,Pune,2016,37208,102,12.8,Diesel,Manual,First,5,9.93 Lakh,7.43,4,1248
Honda,Brio,Delhi,2013,33746,73.75,17,Petrol,Manual,First,5,6.63 Lakh,3.2,7,1198
Maruti,Swift,Delhi,2014,27365,112,14,Diesel,Manual,First,5,7.88 Lakh,4.75,6,1248
